Const,Your Rating,Date Rated,Title,URL,Title Type,IMDb Rating,Runtime (mins),Year,Genres,Num Votes,Release Date,Directors
tt10023286,8,2022-01-24,The Humans,https://www.imdb.com/title/tt10023286/,movie,6.1,108,2021,Drama,9909,2021-09-12,Stephen Karam
tt10048342,8,2021-11-18,The Queen's Gambit,https://www.imdb.com/title/tt10048342/,tvMiniSeries,8.5,60,2020,Drama,511604,2020-10-23,
tt10160804,6,2022-02-24,Hawkeye,https://www.imdb.com/title/tt10160804/,tvMiniSeries,7.5,339,2021,"Action, Adventure, Crime, Mystery, Sci-Fi",202511,2021-11-11,
tt1016150,8,2023-03-04,Im Westen nichts Neues,https://www.imdb.com/title/tt1016150/,movie,7.8,148,2022,"Action, Drama, War",222559,2022-09-12,Edward Berger
tt10168312,6,2021-10-06,What If...?,https://www.imdb.com/title/tt10168312/,tvSeries,7.4,32,2021,"Animation, Action, Adventure, Sci-Fi",130589,2021-08-11,
tt10228134,3,2021-11-18,Jolt,https://www.imdb.com/title/tt10228134/,movie,5.6,91,2021,"Action, Comedy, Crime, Thriller",34017,2021-07-15,Tanya Wexler
tt10234724,5,2022-05-29,Moon Knight,https://www.imdb.com/title/tt10234724/,tvMiniSeries,7.3,287,2022,"Action, Adventure, Fantasy",254050,2022-03-30,
tt1024648,7,2023-03-23,Argo,https://www.imdb.com/title/tt1024648/,movie,7.7,120,2012,"Biography, Drama, Thriller",629936,2012-08-31,Ben Affleck
tt10275370,4,2021-11-18,John Wick: Chapter 3 - Parabellum: HBO First Look,https://www.imdb.com/title/tt10275370/,tvSpecial,7.5,13,2019,"Documentary, Short, Action",30580,2019-04-28,
tt10288566,7,2021-09-13,Druk,https://www.imdb.com/title/tt10288566/,movie,7.7,117,2020,Drama,181328,2020-09-12,Thomas Vinterberg
tt10293406,6,2021-12-06,The Power of the Dog,https://www.imdb.com/title/tt10293406/,movie,6.8,126,2021,"Drama, Western",187234,2021-09-02,Jane Campion
tt0103064,7,2021-09-13,Terminator 2: Judgment Day,https://www.imdb.com/title/tt0103064/,movie,8.6,137,1991,"Action, Sci-Fi",1142539,1991-07-01,James Cameron
tt10342730,6,2023-07-17,Spiral: From the Book of Saw,https://www.imdb.com/title/tt10342730/,movie,5.2,93,2021,"Crime, Horror, Mystery, Thriller",61299,2021-05-12,Darren Lynn Bousman
tt10366206,5,2023-06-01,John Wick: Chapter 4,https://www.imdb.com/title/tt10366206/,movie,7.8,169,2023,"Action, Crime, Thriller",277789,2023-03-13,Chad Stahelski
tt10366460,7,2022-03-11,CODA,https://www.imdb.com/title/tt10366460/,movie,8.0,111,2021,"Comedy, Drama, Music",153073,2021-01-29,Sian Heder
tt1043813,6,2021-11-29,Titans,https://www.imdb.com/title/tt1043813/,tvSeries,7.5,45,2018,"Action, Adventure, Crime, Drama, Fantasy, Sci-Fi",110164,2018-10-03,
tt1049413,7,2021-09-13,Up,https://www.imdb.com/title/tt1049413/,movie,8.3,96,2009,"Animation, Adventure, Comedy, Drama, Family",1091118,2009-05-13,"Pete Docter, Bob Peterson"
tt1051906,6,2023-07-17,The Invisible Man,https://www.imdb.com/title/tt1051906/,movie,7.1,124,2020,"Drama, Horror, Mystery, Sci-Fi, Thriller",243711,2020-02-24,Leigh Whannell
tt10574558,9,2021-09-29,Midnight Mass,https://www.imdb.com/title/tt10574558/,tvMiniSeries,7.7,450,2021,"Drama, Fantasy, Horror, Mystery",128601,2021-09-22,
tt1060277,6,2021-11-30,Cloverfield,https://www.imdb.com/title/tt1060277/,movie,7.0,85,2008,"Action, Adventure, Horror, Sci-Fi, Thriller",412979,2008-01-16,Matt Reeves
tt10633456,7,2021-09-13,Minari,https://www.imdb.com/title/tt10633456/,movie,7.4,115,2020,Drama,90751,2020-01-26,Lee Isaac Chung
tt10648342,7,2022-10-03,Thor: Love and Thunder,https://www.imdb.com/title/tt10648342/,movie,6.2,118,2022,"Action, Adventure, Comedy, Fantasy, Romance, Sci-Fi",378577,2022-06-23,Taika Waititi
tt10696784,6,2021-12-03,The Harder They Fall,https://www.imdb.com/title/tt10696784/,movie,6.6,139,2021,"Action, Drama, Western",68745,2021-10-06,Jeymes Samuel
tt1070874,4,2023-03-23,The Trial of the Chicago 7,https://www.imdb.com/title/tt1070874/,movie,7.7,129,2020,"Drama, History, Thriller",187750,2020-09-25,Aaron Sorkin
tt10731256,7,2023-04-23,Don't Worry Darling,https://www.imdb.com/title/tt10731256/,movie,6.3,123,2022,"Drama, Mystery, Thriller",129786,2022-09-05,Olivia Wilde
tt1074638,7,2021-11-18,Skyfall,https://www.imdb.com/title/tt1074638/,movie,7.8,143,2012,"Action, Adventure, Thriller",717288,2012-10-23,Sam Mendes
tt10801534,9,2022-03-11,How to with John Wilson,https://www.imdb.com/title/tt10801534/,tvSeries,8.7,30,2020,"Documentary, Comedy",11574,2020-10-23,
tt10837476,8,2023-04-23,Inside Bill's Brain: Decoding Bill Gates,https://www.imdb.com/title/tt10837476/,tvMiniSeries,7.8,52,2019,Documentary,11485,2019-09-20,
tt10838180,2,2022-01-02,The Matrix Resurrections,https://www.imdb.com/title/tt10838180/,movie,5.7,148,2021,"Action, Sci-Fi",268033,2021-12-16,Lana Wachowski
tt10872600,4,2022-03-15,Spider-Man: No Way Home,https://www.imdb.com/title/tt10872600/,movie,8.2,148,2021,"Action, Adventure, Fantasy, Sci-Fi",832275,2021-12-13,Jon Watts
tt10919420,7,2021-11-12,Ojing-eo geim,https://www.imdb.com/title/tt10919420/,tvSeries,8.0,55,2021,"Action, Drama, Mystery, Thriller",499639,2021-09-17,
tt10948716,5,2023-01-03,Inside Man,https://www.imdb.com/title/tt10948716/,tvSeries,6.6,240,2022,"Crime, Drama, Mystery, Thriller",33101,2022-09-26,
tt10949454,10,2022-03-26,Outer Wilds,https://www.imdb.com/title/tt10949454/,videoGame,8.8,,2019,"Adventure, Mystery, Sci-Fi",800,2019-05-29,Alex Beachum
tt10954600,7,2023-05-08,Ant-Man and the Wasp: Quantumania,https://www.imdb.com/title/tt10954600/,movie,6.1,124,2023,"Action, Adventure, Comedy, Sci-Fi",205111,2023-02-15,Peyton Reed
tt10954652,1,2021-11-17,Old,https://www.imdb.com/title/tt10954652/,movie,5.8,108,2021,"Drama, Horror, Mystery, Thriller",148772,2021-07-21,M. Night Shyamalan
tt10954984,6,2023-02-02,Nope,https://www.imdb.com/title/tt10954984/,movie,6.8,130,2022,"Horror, Mystery, Sci-Fi, Thriller",244196,2022-07-18,Jordan Peele
tt10970552,6,2021-09-29,The Haunting of Bly Manor,https://www.imdb.com/title/tt10970552/,tvMiniSeries,7.4,494,2020,"Drama, Horror, Mystery, Thriller",116964,2020-10-09,
tt0109830,7,2021-09-13,Forrest Gump,https://www.imdb.com/title/tt0109830/,movie,8.8,142,1994,"Drama, Romance",2180314,1994-06-23,Robert Zemeckis
tt10986410,5,2021-11-18,Ted Lasso,https://www.imdb.com/title/tt10986410/,tvSeries,8.8,30,2020,"Comedy, Drama, Sport",309843,2020-08-14,
tt11003218,9,2022-02-27,Pig,https://www.imdb.com/title/tt11003218/,movie,6.9,92,2021,"Drama, Mystery",84232,2021-07-16,Michael Sarnoski
tt0110357,7,2021-09-13,The Lion King,https://www.imdb.com/title/tt0110357/,movie,8.5,88,1994,"Animation, Adventure, Drama, Family, Musical",1106493,1994-06-12,"Rob Minkoff, Roger Allers"
tt1104001,9,2021-11-18,Tron,https://www.imdb.com/title/tt1104001/,movie,6.8,125,2010,"Action, Adventure, Sci-Fi",349206,2010-11-30,Joseph Kosinski
tt0111161,8,2021-09-13,The Shawshank Redemption,https://www.imdb.com/title/tt0111161/,movie,9.3,142,1994,Drama,2801489,1994-09-10,Frank Darabont
tt11126994,8,2021-12-22,Arcane: League of Legends,https://www.imdb.com/title/tt11126994/,tvSeries,9.0,41,2021,"Animation, Action, Adventure, Drama, Fantasy, Sci-Fi",243597,2021-11-06,
tt11169050,7,2023-03-24,Supernova,https://www.imdb.com/title/tt11169050/,movie,6.9,95,2020,"Drama, Romance",13589,2020-09-23,Harry Macqueen
tt11196036,4,2022-04-22,The Card Counter,https://www.imdb.com/title/tt11196036/,movie,6.2,111,2021,"Crime, Drama, Thriller",40539,2021-09-02,Paul Schrader
tt1119646,7,2021-11-29,The Hangover,https://www.imdb.com/title/tt1119646/,movie,7.7,100,2009,Comedy,821734,2009-05-30,Todd Phillips
tt11214590,4,2022-03-03,House of Gucci,https://www.imdb.com/title/tt11214590/,movie,6.6,158,2021,"Biography, Crime, Drama",150919,2021-11-09,Ridley Scott
tt1121931,6,2021-11-30,Crank: High Voltage,https://www.imdb.com/title/tt1121931/,movie,6.1,96,2009,"Action, Crime, Thriller",155930,2009-04-16,"Brian Taylor, Mark Neveldine"
tt0112384,7,2023-04-10,Apollo 13,https://www.imdb.com/title/tt0112384/,movie,7.7,140,1995,"Adventure, Drama, History",307573,1995-06-22,Ron Howard
tt11271038,3,2022-03-07,Licorice Pizza,https://www.imdb.com/title/tt11271038/,movie,7.1,133,2021,"Comedy, Drama, Romance",132699,2021-11-20,Paul Thomas Anderson
tt11280740,8,2022-06-07,Severance,https://www.imdb.com/title/tt11280740/,tvSeries,8.7,55,2022,"Drama, Mystery, Sci-Fi, Thriller",172081,2022-02-18,
tt11286314,8,2021-12-25,Don't Look Up,https://www.imdb.com/title/tt11286314/,movie,7.2,138,2021,"Comedy, Drama, Sci-Fi",571807,2021-12-05,Adam McKay
tt11291274,6,2023-03-04,The Unbearable Weight of Massive Talent,https://www.imdb.com/title/tt11291274/,movie,7.0,107,2022,"Action, Comedy, Crime, Thriller",135193,2022-03-12,Tom Gormican
tt1130884,7,2021-09-13,Shutter Island,https://www.imdb.com/title/tt1130884/,movie,8.2,138,2010,"Mystery, Thriller",1396902,2010-02-13,Martin Scorsese
tt0113243,5,2022-03-03,Hackers,https://www.imdb.com/title/tt0113243/,movie,6.2,105,1995,"Crime, Drama, Romance, Thriller",72814,1995-09-15,Iain Softley
tt11337908,7,2021-10-06,Maid,https://www.imdb.com/title/tt11337908/,tvMiniSeries,8.4,545,2021,Drama,93664,2021-10-01,
tt1136608,6,2023-01-18,District 9,https://www.imdb.com/title/tt1136608/,movie,7.9,112,2009,"Action, Sci-Fi, Thriller",702866,2009-08-13,Neill Blomkamp
tt11389748,9,2022-01-06,Mass,https://www.imdb.com/title/tt11389748/,movie,7.6,111,2021,Drama,16592,2021-01-30,Fran Kranz
tt11394188,8,2022-10-03,Spaceship Earth,https://www.imdb.com/title/tt11394188/,movie,6.4,113,2020,Documentary,2040,2020-01-26,Matt Wolf
tt0114369,9,2021-09-13,Se7en,https://www.imdb.com/title/tt0114369/,movie,8.6,127,1995,"Crime, Drama, Mystery, Thriller",1735149,1995-09-15,David Fincher
tt11466222,6,2022-04-29,Jackass Forever,https://www.imdb.com/title/tt11466222/,movie,6.8,96,2022,"Documentary, Action, Comedy",49358,2022-02-01,Jeff Tremaine
tt0114746,9,2021-11-18,Twelve Monkeys,https://www.imdb.com/title/tt0114746/,movie,8.0,129,1995,"Mystery, Sci-Fi, Thriller",635431,1995-12-08,Terry Gilliam
tt0114814,6,2021-09-13,The Usual Suspects,https://www.imdb.com/title/tt0114814/,movie,8.5,106,1995,"Crime, Drama, Mystery, Thriller",1119523,1995-01-25,Bryan Singer
tt11525644,6,2021-09-20,No Sudden Move,https://www.imdb.com/title/tt11525644/,movie,6.4,115,2021,"Crime, Drama, Mystery, Thriller",39185,2021-06-18,Steven Soderbergh
tt11527058,5,2023-04-10,Fleishman Is in Trouble,https://www.imdb.com/title/tt11527058/,tvMiniSeries,7.7,48,2022,Drama,14113,2022-11-17,
tt1156398,5,2021-11-30,Zombieland,https://www.imdb.com/title/tt1156398/,movie,7.6,88,2009,"Action, Comedy, Horror",604281,2009-09-25,Ruben Fleischer
tt11564570,8,2023-01-02,Glass Onion,https://www.imdb.com/title/tt11564570/,movie,7.1,139,2022,"Comedy, Crime, Drama, Mystery, Thriller",411498,2022-09-13,Rian Johnson
tt1160419,7,2023-03-24,Dune: Part One,https://www.imdb.com/title/tt1160419/,movie,8.0,155,2021,"Action, Adventure, Drama, Sci-Fi",716851,2021-09-03,Denis Villeneuve
tt11639414,9,2021-11-18,The Midnight Gospel,https://www.imdb.com/title/tt11639414/,tvSeries,8.2,23,2020,"Animation, Adventure, Comedy, Fantasy, Sci-Fi",23320,2020-04-20,
tt11657662,7,2021-09-13,The Witcher: Nightmare of the Wolf,https://www.imdb.com/title/tt11657662/,movie,7.2,83,2021,"Animation, Action, Adventure, Drama, Fantasy, Mystery",48418,2021-08-23,Kwang Il Han
tt11703050,6,2022-10-03,The House,https://www.imdb.com/title/tt11703050/,movie,6.8,97,2022,"Animation, Comedy, Drama, Fantasy, Horror, Mystery, Thriller",20716,2022-01-14,"Emma De Swaef, Niki Lindroth von Bahr, Paloma Baeza, Marc James Roels"
tt1170358,7,2021-11-18,The Hobbit: The Desolation of Smaug,https://www.imdb.com/title/tt1170358/,movie,7.8,161,2013,"Adventure, Drama, Fantasy",687679,2013-12-02,Peter Jackson
tt11813216,8,2023-01-02,The Banshees of Inisherin,https://www.imdb.com/title/tt11813216/,movie,7.7,114,2022,"Comedy, Drama",227057,2022-09-05,Martin McDonagh
tt11820950,6,2023-04-11,The Portable Door,https://www.imdb.com/title/tt11820950/,movie,6.1,116,2023,"Adventure, Comedy, Fantasy, Mystery",6870,2023-03-23,Jeffrey Walker
tt1182345,8,2021-11-18,Moon,https://www.imdb.com/title/tt1182345/,movie,7.8,97,2009,"Drama, Mystery, Sci-Fi",370179,2009-01-23,Duncan Jones
tt1188729,7,2021-11-18,Pandorum,https://www.imdb.com/title/tt1188729/,movie,6.7,108,2009,"Action, Horror, Mystery, Sci-Fi, Thriller",156519,2009-09-25,Christian Alvart
tt1190634,8,2021-11-18,The Boys,https://www.imdb.com/title/tt1190634/,tvSeries,8.7,60,2019,"Action, Comedy, Crime, Drama, Sci-Fi",586609,2019-07-16,
tt0119174,9,2021-11-18,The Game,https://www.imdb.com/title/tt0119174/,movie,7.7,129,1997,"Drama, Mystery, Thriller",416059,1997-09-03,David Fincher
tt0119654,7,2021-11-29,Men in Black,https://www.imdb.com/title/tt0119654/,movie,7.3,98,1997,"Action, Adventure, Comedy, Sci-Fi",594802,1997-06-25,Barry Sonnenfeld
tt0119698,6,2021-09-13,Mononoke-hime,https://www.imdb.com/title/tt0119698/,movie,8.3,134,1997,"Animation, Action, Adventure, Fantasy",416083,1997-07-12,Hayao Miyazaki
tt1201607,8,2021-11-29,Harry Potter and the Deathly Hallows: Part 2,https://www.imdb.com/title/tt1201607/,movie,8.1,130,2011,"Adventure, Family, Fantasy, Mystery",917954,2011-07-07,David Yates
tt0120382,8,2021-11-18,The Truman Show,https://www.imdb.com/title/tt0120382/,movie,8.2,103,1998,"Comedy, Drama",1147226,1998-06-01,Peter Weir
tt0120586,7,2021-09-13,American History X,https://www.imdb.com/title/tt0120586/,movie,8.5,119,1998,"Crime, Drama",1159147,1998-07-01,Tony Kaye
tt0120611,7,2021-11-30,Blade,https://www.imdb.com/title/tt0120611/,movie,7.1,120,1998,"Action, Horror, Sci-Fi",289982,1998-08-19,Stephen Norrington
tt0120616,9,2021-11-30,The Mummy,https://www.imdb.com/title/tt0120616/,movie,7.1,124,1999,"Action, Adventure, Fantasy",449511,1999-04-16,Stephen Sommers
tt0120737,7,2021-09-13,The Lord of the Rings: The Fellowship of the Ring,https://www.imdb.com/title/tt0120737/,movie,8.8,178,2001,"Action, Adventure, Drama, Fantasy",1946197,2001-12-10,Peter Jackson
tt0120815,7,2021-09-13,Saving Private Ryan,https://www.imdb.com/title/tt0120815/,movie,8.6,169,1998,"Drama, War",1451115,1998-07-21,Steven Spielberg
tt0120903,7,2021-11-29,X-Men,https://www.imdb.com/title/tt0120903/,movie,7.3,104,2000,"Action, Adventure, Sci-Fi",634052,2000-07-12,Bryan Singer
tt0120912,6,2021-11-30,Men in Black II,https://www.imdb.com/title/tt0120912/,movie,6.2,88,2002,"Action, Adventure, Comedy, Mystery, Sci-Fi",393236,2002-07-03,Barry Sonnenfeld
tt1211837,8,2021-11-29,Doctor Strange,https://www.imdb.com/title/tt1211837/,movie,7.5,115,2016,"Action, Adventure, Fantasy, Sci-Fi",780709,2016-10-13,Scott Derrickson
tt12121582,7,2023-03-16,When You Finish Saving the World,https://www.imdb.com/title/tt12121582/,movie,5.6,88,2022,"Comedy, Drama",3482,2022-01-20,Jesse Eisenberg
tt1219289,8,2021-11-18,Limitless,https://www.imdb.com/title/tt1219289/,movie,7.4,105,2011,"Sci-Fi, Thriller",597737,2011-03-08,Neil Burger
tt0121955,7,2023-03-01,South Park,https://www.imdb.com/title/tt0121955/,tvSeries,8.7,22,1997,"Animation, Comedy",394993,1997-08-13,
tt1228705,7,2021-11-29,Iron Man 2,https://www.imdb.com/title/tt1228705/,movie,6.9,124,2010,"Action, Sci-Fi",849176,2010-04-26,Jon Favreau
tt1229238,8,2021-11-30,Mission: Impossible - Ghost Protocol,https://www.imdb.com/title/tt1229238/,movie,7.4,132,2011,"Action, Adventure, Thriller",517242,2011-12-07,Brad Bird
tt12327578,7,2022-07-20,Star Trek: Strange New Worlds,https://www.imdb.com/title/tt12327578/,tvSeries,8.3,52,2022,"Action, Adventure, Sci-Fi",52537,2022-05-05,
tt1232829,7,2021-11-30,21 Jump Street,https://www.imdb.com/title/tt1232829/,movie,7.2,109,2012,"Action, Comedy, Crime",583958,2012-03-12,"Christopher Miller, Phil Lord"
tt1234721,6,2021-11-30,RoboCop,https://www.imdb.com/title/tt1234721/,movie,6.1,117,2014,"Action, Crime, Sci-Fi, Thriller",235783,2014-01-30,José Padilha
tt12361974,7,2021-09-13,Zack Snyder's Justice League,https://www.imdb.com/title/tt12361974/,movie,7.9,242,2021,"Action, Adventure, Fantasy, Sci-Fi",424389,2021-03-18,Zack Snyder
tt12412888,4,2022-06-07,Sonic the Hedgehog 2,https://www.imdb.com/title/tt12412888/,movie,6.5,122,2022,"Action, Adventure, Comedy, Family, Fantasy, Sci-Fi",79647,2022-03-27,Jeff Fowler
tt12443322,6,2021-11-30,Deca-Dence,https://www.imdb.com/title/tt12443322/,tvMiniSeries,7.0,23,2020,"Animation, Action, Adventure, Sci-Fi",1399,2020-07-08,
tt1245526,6,2021-11-30,RED,https://www.imdb.com/title/tt1245526/,movie,7.0,111,2010,"Action, Comedy, Crime, Thriller",318628,2010-09-29,Robert Schwentke
tt1250777,8,2021-11-30,Kick-Ass,https://www.imdb.com/title/tt1250777/,movie,7.6,117,2010,"Action, Comedy, Crime",582275,2010-03-12,Matthew Vaughn
tt1258197,6,2022-05-29,Exam,https://www.imdb.com/title/tt1258197/,movie,6.8,101,2009,"Crime, Horror, Mystery, Thriller",122154,2009-06-30,Stuart Hazeldine
tt12590266,8,2022-10-24,Cyberpunk: Edgerunners,https://www.imdb.com/title/tt12590266/,tvMiniSeries,8.3,24,2022,"Animation, Action, Adventure, Crime, Sci-Fi, Thriller",65138,2022-09-13,
tt12593682,6,2022-12-11,Bullet Train,https://www.imdb.com/title/tt12593682/,movie,7.3,127,2022,"Action, Comedy, Thriller",386237,2022-07-18,David Leitch
tt1259521,5,2021-10-06,The Cabin in the Woods,https://www.imdb.com/title/tt1259521/,movie,7.0,95,2011,"Horror, Mystery, Thriller",437631,2011-12-11,Drew Goddard
tt1267295,7,2021-12-20,Cowboy Bebop,https://www.imdb.com/title/tt1267295/,tvSeries,6.7,58,2021,"Action, Adventure, Comedy, Crime, Drama, Sci-Fi",42392,2021-11-19,
tt1270797,5,2021-11-18,Venom,https://www.imdb.com/title/tt1270797/,movie,6.6,112,2018,"Action, Adventure, Sci-Fi",518954,2018-10-01,Ruben Fleischer
tt1270798,7,2021-11-29,X: First Class,https://www.imdb.com/title/tt1270798/,movie,7.7,131,2011,"Action, Sci-Fi",711674,2011-05-25,Matthew Vaughn
tt1276104,8,2021-09-13,Looper,https://www.imdb.com/title/tt1276104/,movie,7.4,119,2012,"Action, Drama, Sci-Fi, Thriller",592488,2012-09-06,Rian Johnson
tt1285016,8,2021-11-18,The Social Network,https://www.imdb.com/title/tt1285016/,movie,7.8,120,2010,"Biography, Drama",736366,2010-09-24,David Fincher
tt1289401,2,2021-11-29,Ghostbusters,https://www.imdb.com/title/tt1289401/,movie,6.8,117,2016,"Action, Comedy, Fantasy, Sci-Fi",239808,2016-07-09,Paul Feig
tt1298650,4,2021-12-12,Pirates of the Caribbean: On Stranger Tides,https://www.imdb.com/title/tt1298650/,movie,6.6,137,2011,"Action, Adventure, Fantasy",549814,2011-05-07,Rob Marshall
tt1300854,5,2021-11-29,Iron Man Three,https://www.imdb.com/title/tt1300854/,movie,7.1,130,2013,"Action, Adventure, Sci-Fi",881015,2013-04-14,Shane Black
tt13027412,5,2023-02-10,Planet Sex with Cara Delevingne,https://www.imdb.com/title/tt13027412/,tvSeries,5.2,44,2022,"Documentary, Short, History",539,2022-11-18,
tt1312171,6,2021-11-18,The Umbrella Academy,https://www.imdb.com/title/tt1312171/,tvSeries,7.9,60,2019,"Action, Adventure, Comedy, Drama, Fantasy, Sci-Fi",264073,2019-02-15,
tt1318514,8,2021-11-30,Rise of the Planet of the Apes,https://www.imdb.com/title/tt1318514/,movie,7.6,105,2011,"Action, Drama, Sci-Fi, Thriller",546360,2011-07-28,Rupert Wyatt
tt13207508,9,2022-04-22,Swan Song,https://www.imdb.com/title/tt13207508/,movie,6.8,116,2021,"Drama, Romance, Sci-Fi",16157,2021-11-12,Benjamin Cleary
tt13234058,4,2021-10-06,My Son,https://www.imdb.com/title/tt13234058/,movie,6.0,95,2021,"Crime, Drama, Mystery, Thriller",13812,2021-09-15,Christian Carion
tt0133093,10,2021-09-13,The Matrix,https://www.imdb.com/title/tt0133093/,movie,8.7,136,1999,"Action, Sci-Fi",1991958,1999-03-24,"Lilly Wachowski, Lana Wachowski"
tt1343092,7,2023-03-23,The Great Gatsby,https://www.imdb.com/title/tt1343092/,movie,7.2,143,2013,"Drama, Romance",576672,2013-05-01,Baz Luhrmann
tt13453006,7,2022-03-03,Red Rocket,https://www.imdb.com/title/tt13453006/,movie,7.1,130,2021,"Comedy, Drama",29095,2021-07-14,Sean Baker
tt1345836,8,2021-09-13,The Dark Knight Rises,https://www.imdb.com/title/tt1345836/,movie,8.4,164,2012,"Action, Drama, Thriller",1777512,2012-07-16,Christopher Nolan
tt0134847,7,2021-11-30,Pitch Black,https://www.imdb.com/title/tt0134847/,movie,7.0,109,2000,"Action, Horror, Sci-Fi, Thriller",249360,2000-02-18,David Twohy
tt13507778,7,2021-11-18,No Man of God,https://www.imdb.com/title/tt13507778/,movie,6.4,100,2021,"Biography, Crime, Drama, Mystery",8571,2021-06-11,Amber Sealey
tt1355642,9,2021-11-30,Hagane no renkinjutsushi,https://www.imdb.com/title/tt1355642/,tvSeries,9.1,24,2009,"Animation, Action, Adventure, Comedy, Drama, Fantasy, Sci-Fi",186231,2009-04-05,
tt1355644,9,2021-11-29,Passengers,https://www.imdb.com/title/tt1355644/,movie,7.0,116,2016,"Drama, Romance, Sci-Fi, Thriller",430313,2016-12-14,Morten Tyldum
tt13622982,7,2022-01-21,Star Wars: Visions,https://www.imdb.com/title/tt13622982/,tvSeries,7.0,,2021,"Animation, Short, Action, Adventure, Drama, Fantasy, Sci-Fi",22749,2021-09-22,
tt13623136,3,2022-12-11,The Guardians of the Galaxy Holiday Special,https://www.imdb.com/title/tt13623136/,tvSpecial,6.9,42,2022,"Action, Adventure, Comedy, Sci-Fi",87489,2022-11-25,James Gunn
tt13640696,3,2023-01-02,See How They Run,https://www.imdb.com/title/tt13640696/,movie,6.5,98,2022,"Comedy, Crime, Mystery",59200,2022-09-08,Tom George
tt0137523,10,2021-09-13,Fight Club,https://www.imdb.com/title/tt0137523/,movie,8.8,139,1999,Drama,2235474,1999-09-10,David Fincher
tt1375666,8,2021-09-13,Inception,https://www.imdb.com/title/tt1375666/,movie,8.8,148,2010,"Action, Adventure, Sci-Fi, Thriller",2470490,2010-07-08,Christopher Nolan
tt13833688,8,2023-03-16,The Whale,https://www.imdb.com/title/tt13833688/,movie,7.7,117,2022,Drama,179568,2022-09-04,Darren Aronofsky
tt1386697,5,2021-09-13,Suicide Squad,https://www.imdb.com/title/tt1386697/,movie,5.9,123,2016,"Action, Adventure, Fantasy, Sci-Fi",708173,2016-08-01,David Ayer
tt1386703,8,2021-11-30,Total Recall,https://www.imdb.com/title/tt1386703/,movie,6.2,118,2012,"Action, Adventure, Sci-Fi, Thriller",262312,2012-08-02,Len Wiseman
tt1392170,7,2021-11-29,The Hunger Games,https://www.imdb.com/title/tt1392170/,movie,7.2,142,2012,"Action, Adventure, Sci-Fi, Thriller",961958,2012-03-12,Gary Ross
tt1392190,7,2021-11-18,Mad Max: Fury Road,https://www.imdb.com/title/tt1392190/,movie,8.1,120,2015,"Action, Adventure, Sci-Fi, Thriller",1049209,2015-05-07,George Miller
tt1392214,7,2021-11-18,Prisoners,https://www.imdb.com/title/tt1392214/,movie,8.1,153,2013,"Crime, Drama, Mystery, Thriller",771216,2013-08-30,Denis Villeneuve
tt1408101,7,2021-11-29,Star Trek Into Darkness,https://www.imdb.com/title/tt1408101/,movie,7.7,132,2013,"Action, Adventure, Sci-Fi",492540,2013-05-02,J.J. Abrams
tt1411250,8,2021-11-30,Riddick,https://www.imdb.com/title/tt1411250/,movie,6.4,119,2013,"Action, Adventure, Sci-Fi, Thriller",174697,2013-08-28,David Twohy
tt1430122,6,2021-11-18,The Curious Birth of Benjamin Button,https://www.imdb.com/title/tt1430122/,video,7.5,175,2009,Documentary,31043,2009-05-05,David Prior
tt1430132,6,2021-11-30,The Wolverine,https://www.imdb.com/title/tt1430132/,movie,6.7,126,2013,"Action, Sci-Fi",483207,2013-07-16,James Mangold
tt1431045,9,2021-10-06,Deadpool,https://www.imdb.com/title/tt1431045/,movie,8.0,108,2016,"Action, Comedy",1088777,2016-01-21,Tim Miller
tt14324650,7,2021-11-18,"Batman: The Long Halloween, Part One",https://www.imdb.com/title/tt14324650/,movie,7.2,85,2021,"Animation, Action, Crime, Horror, Mystery, Sci-Fi",18848,2021-06-21,Chris Palmer
tt14402926,6,2021-11-18,"Batman: The Long Halloween, Part Two",https://www.imdb.com/title/tt14402926/,movie,7.2,87,2021,"Animation, Action, Crime, Horror, Mystery, Sci-Fi",15740,2021-07-27,Chris Palmer
tt14403178,8,2023-05-20,Beef,https://www.imdb.com/title/tt14403178/,tvMiniSeries,8.0,35,2023,"Comedy, Drama",104903,2023-03-31,
tt1446714,5,2021-11-30,Prometheus,https://www.imdb.com/title/tt1446714/,movie,7.0,124,2012,"Adventure, Mystery, Sci-Fi",628870,2012-04-11,Ridley Scott
tt1454468,6,2021-10-06,Gravity,https://www.imdb.com/title/tt1454468/,movie,7.7,91,2013,"Drama, Sci-Fi, Thriller",848408,2013-08-28,Alfonso Cuarón
tt0145487,7,2021-11-29,Spider-Man,https://www.imdb.com/title/tt0145487/,movie,7.4,121,2002,"Action, Adventure, Sci-Fi",854356,2002-04-30,Sam Raimi
tt14596212,6,2023-04-10,Hello Tomorrow!,https://www.imdb.com/title/tt14596212/,tvSeries,6.3,31,2023,"Comedy, Drama, Sci-Fi",5505,2023-02-16,
tt14640242,8,2022-02-27,Together,https://www.imdb.com/title/tt14640242/,movie,6.2,92,2021,"Comedy, Drama, Romance",4669,2021-06-17,"Justin Martin, Stephen Daldry"
tt1464335,3,2022-05-06,Uncharted,https://www.imdb.com/title/tt1464335/,movie,6.3,116,2022,"Action, Adventure",237727,2022-02-08,Ruben Fleischer
tt1464540,6,2021-11-30,I Am Number Four,https://www.imdb.com/title/tt1464540/,movie,6.1,111,2011,"Action, Adventure, Sci-Fi, Thriller",243403,2011-02-09,D.J. Caruso
tt14688458,7,2023-06-30,Silo,https://www.imdb.com/title/tt14688458/,tvSeries,8.1,49,2023,"Drama, Mystery, Sci-Fi",87126,2023-05-05,
tt1475582,8,2021-10-06,Sherlock,https://www.imdb.com/title/tt1475582/,tvSeries,9.1,88,2010,"Crime, Drama, Mystery, Thriller",967712,2010-07-22,
tt14761860,6,2023-05-01,The Big Door Prize,https://www.imdb.com/title/tt14761860/,tvSeries,6.3,98,2023,"Comedy, Drama, Sci-Fi",5614,2023-03-29,
tt1477834,4,2021-11-29,Aquaman,https://www.imdb.com/title/tt1477834/,movie,6.8,143,2018,"Action, Adventure, Fantasy, Sci-Fi",502064,2018-11-26,James Wan
tt14826022,2,2023-02-07,You People,https://www.imdb.com/title/tt14826022/,movie,5.5,117,2023,"Comedy, Romance",59594,2023-01-20,Kenya Barris
tt1483013,8,2021-11-18,Oblivion,https://www.imdb.com/title/tt1483013/,movie,7.0,124,2013,"Action, Adventure, Sci-Fi",543067,2013-03-26,Joseph Kosinski
tt0149460,7,2021-11-18,Futurama,https://www.imdb.com/title/tt0149460/,tvSeries,8.5,22,1999,"Animation, Adventure, Comedy, Sci-Fi",253636,1999-03-28,
tt1504320,7,2023-03-23,The King's Speech,https://www.imdb.com/title/tt1504320/,movie,8.0,118,2010,"Biography, Drama, History",697576,2010-09-06,Tom Hooper
tt1515091,8,2021-11-29,Sherlock Holmes: A Game of Shadows,https://www.imdb.com/title/tt1515091/,movie,7.4,129,2011,"Action, Adventure, Mystery",471405,2011-12-10,Guy Ritchie
tt15326988,6,2023-05-04,Ghosted,https://www.imdb.com/title/tt15326988/,movie,5.8,116,2023,"Action, Adventure, Comedy, Romance",52483,2023-04-21,Dexter Fletcher
tt1535108,7,2021-11-30,Elysium,https://www.imdb.com/title/tt1535108/,movie,6.6,109,2013,"Action, Drama, Sci-Fi, Thriller",462430,2013-08-07,Neill Blomkamp
tt15398776,7,2023-09-02,Oppenheimer,https://www.imdb.com/title/tt15398776/,movie,8.6,180,2023,"Biography, Drama, History",443990,2023-07-11,Christopher Nolan
tt1542344,6,2021-11-30,127 Hours,https://www.imdb.com/title/tt1542344/,movie,7.5,94,2010,"Biography, Drama",392291,2010-09-04,Danny Boyle
tt1568346,9,2021-11-18,The Girl with the Dragon Tattoo,https://www.imdb.com/title/tt1568346/,movie,7.8,158,2011,"Crime, Drama, Mystery, Thriller",481458,2011-12-12,David Fincher
tt1570728,6,2023-03-12,"Crazy, Stupid, Love.",https://www.imdb.com/title/tt1570728/,movie,7.4,118,2011,"Comedy, Drama, Romance",544581,2011-07-19,"Glenn Ficarra, John Requa"
tt1596363,9,2021-11-18,The Big Short,https://www.imdb.com/title/tt1596363/,movie,7.8,130,2015,"Biography, Comedy, Drama, History",463443,2015-11-12,Adam McKay
tt16116174,6,2022-01-11,Harry Potter 20th Anniversary: Return to Hogwarts,https://www.imdb.com/title/tt16116174/,tvSpecial,8.0,102,2022,"Documentary, Family",45160,2022-01-01,"Casey Patterson, Joe Pearlman, Eran Creevy, Giorgio Testi"
tt0162222,7,2021-11-30,Cast Away,https://www.imdb.com/title/tt0162222/,movie,7.8,143,2000,"Adventure, Drama, Romance",620550,2000-12-07,Robert Zemeckis
tt1630029,6,2023-04-10,Avatar: The Way of Water,https://www.imdb.com/title/tt1630029/,movie,7.6,192,2022,"Action, Adventure, Fantasy, Sci-Fi",460338,2022-12-06,James Cameron
tt1631867,8,2021-09-13,Edge of Tomorrow,https://www.imdb.com/title/tt1631867/,movie,7.9,113,2014,"Action, Adventure, Sci-Fi",713754,2014-05-28,Doug Liman
tt16350094,6,2022-07-20,Diabolical,https://www.imdb.com/title/tt16350094/,tvSeries,6.9,14,2022,"Animation, Short, Action, Adventure, Comedy, Drama, Sci-Fi",15142,2022-01-27,
tt1637725,7,2021-11-30,Ted,https://www.imdb.com/title/tt1637725/,movie,6.9,106,2012,Comedy,639326,2012-06-29,Seth MacFarlane
tt1638355,7,2022-03-11,The Man from U.N.C.L.E.,https://www.imdb.com/title/tt1638355/,movie,7.2,116,2015,"Action, Adventure, Comedy",324642,2015-08-02,Guy Ritchie
tt1649418,6,2022-10-03,The Gray Man,https://www.imdb.com/title/tt1649418/,movie,6.5,122,2022,"Action, Thriller",225476,2022-07-13,"Anthony Russo, Joe Russo"
tt1650554,4,2021-11-30,Kick-Ass 2,https://www.imdb.com/title/tt1650554/,movie,6.5,103,2013,"Action, Comedy, Crime, Thriller",283235,2013-08-14,Jeff Wadlow
tt1663202,8,2021-10-06,The Revenant,https://www.imdb.com/title/tt1663202/,movie,8.0,156,2015,"Action, Adventure, Drama, Western",844651,2015-12-16,Alejandro G. Iñárritu
tt1663662,6,2021-11-30,Pacific Rim,https://www.imdb.com/title/tt1663662/,movie,6.9,131,2013,"Action, Adventure, Sci-Fi",519544,2013-07-01,Guillermo del Toro
tt1670345,7,2021-11-29,Now You See Me,https://www.imdb.com/title/tt1670345/,movie,7.2,115,2013,"Crime, Mystery, Thriller",688870,2013-05-21,Louis Leterrier
tt0167190,7,2021-11-30,Hellboy,https://www.imdb.com/title/tt0167190/,movie,6.8,122,2004,"Action, Adventure, Fantasy, Horror, Sci-Fi",342399,2004-03-30,Guillermo del Toro
tt0167260,8,2021-09-13,The Lord of the Rings: The Return of the King,https://www.imdb.com/title/tt0167260/,movie,9.0,201,2003,"Action, Adventure, Drama, Fantasy",1917951,2003-12-01,Peter Jackson
tt0167261,7,2021-09-13,The Lord of the Rings: The Two Towers,https://www.imdb.com/title/tt0167261/,movie,8.8,179,2002,"Action, Adventure, Drama, Fantasy",1730758,2002-12-05,Peter Jackson
tt0167404,8,2021-10-06,The Sixth Sense,https://www.imdb.com/title/tt0167404/,movie,8.2,107,1999,"Drama, Mystery, Thriller",1024953,1999-08-02,M. Night Shyamalan
tt1677720,6,2021-11-18,Ready Player One,https://www.imdb.com/title/tt1677720/,movie,7.4,140,2018,"Action, Adventure, Sci-Fi",464984,2018-03-11,Steven Spielberg
tt1727824,7,2022-10-03,Bohemian Rhapsody,https://www.imdb.com/title/tt1727824/,movie,7.9,134,2018,"Biography, Drama, Music",568810,2018-10-23,Bryan Singer
tt1731141,4,2021-11-30,Ender's Game,https://www.imdb.com/title/tt1731141/,movie,6.6,114,2013,"Action, Adventure, Sci-Fi",249517,2013-10-24,Gavin Hood
tt1745960,6,2022-10-03,Top Gun: Maverick,https://www.imdb.com/title/tt1745960/,movie,8.3,130,2022,"Action, Drama",631403,2022-05-18,Joseph Kosinski
tt1751634,6,2022-10-03,The Sandman,https://www.imdb.com/title/tt1751634/,tvSeries,7.7,45,2022,"Drama, Fantasy, Horror, Mystery, Sci-Fi",162137,2022-08-05,
tt1790809,3,2021-12-12,Pirates of the Caribbean: Dead Men Tell No Tales,https://www.imdb.com/title/tt1790809/,movie,6.5,129,2017,"Action, Adventure, Fantasy",332578,2017-05-11,"Espen Sandberg, Joachim Rønning"
tt1790864,7,2021-11-29,The Maze Runner,https://www.imdb.com/title/tt1790864/,movie,6.8,113,2014,"Action, Mystery, Sci-Fi, Thriller",492539,2014-09-11,Wes Ball
tt1798709,7,2021-11-18,Her,https://www.imdb.com/title/tt1798709/,movie,8.0,126,2013,"Drama, Romance, Sci-Fi",647814,2013-10-12,Spike Jonze
tt1815862,3,2021-11-17,After Earth,https://www.imdb.com/title/tt1815862/,movie,4.8,100,2013,"Action, Adventure, Sci-Fi",206393,2013-05-01,M. Night Shyamalan
tt0181689,8,2021-11-18,Minority Report,https://www.imdb.com/title/tt0181689/,movie,7.6,145,2002,"Action, Crime, Mystery, Sci-Fi, Thriller",571953,2002-06-17,Steven Spielberg
tt1823672,8,2021-11-30,Chappie,https://www.imdb.com/title/tt1823672/,movie,6.8,120,2015,"Action, Crime, Drama, Sci-Fi, Thriller",263552,2015-03-04,Neill Blomkamp
tt1825683,6,2021-11-29,Black Panther,https://www.imdb.com/title/tt1825683/,movie,7.3,134,2018,"Action, Adventure, Sci-Fi",815688,2018-01-29,Ryan Coogler
tt1840309,8,2021-11-29,Divergent,https://www.imdb.com/title/tt1840309/,movie,6.6,139,2014,"Action, Adventure, Mystery, Sci-Fi",477453,2014-03-18,Neil Burger
tt1843866,7,2021-11-29,Captain America: The Winter Soldier,https://www.imdb.com/title/tt1843866/,movie,7.8,136,2014,"Action, Adventure, Sci-Fi, Thriller",879798,2014-03-13,"Anthony Russo, Joe Russo"
tt1853728,8,2021-09-13,Django Unchained,https://www.imdb.com/title/tt1853728/,movie,8.5,165,2012,"Drama, Western",1636247,2012-12-11,Quentin Tarantino
tt1855199,7,2023-08-31,End of Watch,https://www.imdb.com/title/tt1855199/,movie,7.6,109,2012,"Crime, Drama, Thriller",261166,2012-09-08,David Ayer
tt1856101,10,2021-10-06,Blade Runner 2049,https://www.imdb.com/title/tt1856101/,movie,8.0,164,2017,"Action, Drama, Mystery, Sci-Fi, Thriller",624541,2017-10-03,Denis Villeneuve
tt1872181,8,2021-09-13,The Amazing Spider-Man 2,https://www.imdb.com/title/tt1872181/,movie,6.6,142,2014,"Action, Adventure, Sci-Fi",522942,2014-04-10,Marc Webb
tt1872194,7,2023-02-22,The Judge,https://www.imdb.com/title/tt1872194/,movie,7.4,141,2014,"Crime, Drama",198280,2014-09-04,David Dobkin
tt0187738,6,2021-11-30,Blade II,https://www.imdb.com/title/tt0187738/,movie,6.7,117,2002,"Action, Horror, Sci-Fi, Thriller",228893,2002-03-21,Guillermo del Toro
tt1877830,7,2022-04-29,The Batman,https://www.imdb.com/title/tt1877830/,movie,7.8,176,2022,"Action, Crime, Drama, Mystery, Thriller",732886,2022-03-01,Matt Reeves
tt1877832,9,2021-11-29,X-Men: Days of Future Past,https://www.imdb.com/title/tt1877832/,movie,7.9,132,2014,"Action, Adventure, Sci-Fi, Thriller",732448,2014-05-10,Bryan Singer
tt1895587,8,2023-03-23,Spotlight,https://www.imdb.com/title/tt1895587/,movie,8.1,129,2015,"Biography, Crime, Drama",489651,2015-09-03,Tom McCarthy
tt1909447,6,2023-08-18,Deadman Wonderland,https://www.imdb.com/title/tt1909447/,tvSeries,7.1,24,2011,"Animation, Action, Drama, Horror, Sci-Fi, Thriller",11552,2011-04-01,
tt1951264,7,2021-11-29,The Hunger Games: Catching Fire,https://www.imdb.com/title/tt1951264/,movie,7.5,146,2013,"Action, Adventure, Sci-Fi, Thriller",693245,2013-11-11,Francis Lawrence
tt1951265,7,2021-11-29,The Hunger Games: Mockingjay - Part 1,https://www.imdb.com/title/tt1951265/,movie,6.6,123,2014,"Action, Adventure, Sci-Fi, Thriller",479835,2014-11-10,Francis Lawrence
tt1951266,7,2021-11-29,The Hunger Games: Mockingjay - Part 2,https://www.imdb.com/title/tt1951266/,movie,6.5,137,2015,"Action, Adventure, Sci-Fi, Thriller",350861,2015-11-04,Francis Lawrence
tt1971325,3,2022-04-11,Autómata,https://www.imdb.com/title/tt1971325/,movie,6.0,109,2014,"Action, Drama, Sci-Fi, Thriller",58547,2014-09-20,Gabe Ibáñez
tt1981115,3,2021-11-29,Thor: The Dark World,https://www.imdb.com/title/tt1981115/,movie,6.8,112,2013,"Action, Adventure, Fantasy",709433,2013-10-22,Alan Taylor
tt1981677,8,2021-11-29,Pitch Perfect,https://www.imdb.com/title/tt1981677/,movie,7.1,112,2012,"Comedy, Music, Romance",322487,2012-09-28,Jason Moore
tt2015381,9,2021-11-29,Guardians of the Galaxy,https://www.imdb.com/title/tt2015381/,movie,8.0,121,2014,"Action, Adventure, Comedy, Sci-Fi",1244540,2014-07-21,James Gunn
tt2053463,7,2023-09-03,Side Effects,https://www.imdb.com/title/tt2053463/,movie,7.1,106,2013,"Crime, Drama, Mystery, Thriller",194888,2013-01-31,Steven Soderbergh
tt0206634,9,2021-11-18,Children of Men,https://www.imdb.com/title/tt0206634/,movie,7.9,109,2006,"Action, Drama, Sci-Fi, Thriller",517879,2006-09-03,Alfonso Cuarón
tt2069441,7,2023-08-18,Mirai nikki,https://www.imdb.com/title/tt2069441/,tvSeries,7.5,25,2011,"Animation, Action, Drama, Mystery, Romance, Thriller",19118,2011-10-09,
tt0208092,6,2021-09-13,Snatch,https://www.imdb.com/title/tt0208092/,movie,8.2,104,2000,"Comedy, Crime",886893,2000-08-23,Guy Ritchie
tt2084970,7,2021-11-18,The Imitation Game,https://www.imdb.com/title/tt2084970/,movie,8.0,114,2014,"Biography, Drama, Thriller, War",803399,2014-08-29,Morten Tyldum
tt2085059,9,2021-10-06,Black Mirror,https://www.imdb.com/title/tt2085059/,tvSeries,8.7,60,2011,"Drama, Mystery, Sci-Fi, Thriller",612487,2011-12-04,
tt2096673,6,2021-09-13,Inside Out,https://www.imdb.com/title/tt2096673/,movie,8.1,95,2015,"Animation, Adventure, Comedy, Drama, Family, Fantasy",754544,2015-05-18,"Pete Docter, Ronnie Del Carmen"
tt2103281,6,2021-11-30,Dawn of the Planet of the Apes,https://www.imdb.com/title/tt2103281/,movie,7.6,130,2014,"Action, Adventure, Drama, Sci-Fi, Thriller",457110,2014-06-26,Matt Reeves
tt21062540,7,2023-03-12,How to Change Your Mind,https://www.imdb.com/title/tt21062540/,tvMiniSeries,7.9,212,2022,Documentary,2976,2022-07-12,
tt2119532,8,2023-03-23,Hacksaw Ridge,https://www.imdb.com/title/tt2119532/,movie,8.1,139,2016,"Biography, Drama, History, War",567928,2016-09-04,Mel Gibson
tt0212346,6,2021-11-29,Miss Congeniality,https://www.imdb.com/title/tt0212346/,movie,6.3,109,2000,"Action, Comedy, Crime, Romance",222884,2000-12-14,Donald Petrie
tt2140203,7,2021-11-29,Ôkami kodomo no Ame to Yuki,https://www.imdb.com/title/tt2140203/,movie,8.1,117,2012,"Animation, Drama, Family, Fantasy",47777,2012-06-25,Mamoru Hosoda
tt2140479,7,2021-12-06,The Accountant,https://www.imdb.com/title/tt2140479/,movie,7.3,128,2016,"Action, Thriller",309712,2016-10-03,Gavin O'Connor
tt21819228,9,2023-03-12,Stutz,https://www.imdb.com/title/tt21819228/,movie,7.8,96,2022,Documentary,16541,2022-11-14,Jonah Hill
tt2209764,6,2022-04-22,Transcendence,https://www.imdb.com/title/tt2209764/,movie,6.2,119,2014,"Action, Drama, Sci-Fi, Thriller",235765,2014-04-10,Wally Pfister
tt2235759,6,2021-11-18,The Great,https://www.imdb.com/title/tt2235759/,tvSeries,8.2,45,2020,"Biography, Comedy, Drama, History",51019,2020-05-14,
tt2245084,7,2021-11-29,Big Hero 6,https://www.imdb.com/title/tt2245084/,movie,7.8,102,2014,"Animation, Action, Adventure, Comedy, Drama, Family, Fantasy, Sci-Fi",486205,2014-10-23,"Chris Williams, Don Hall"
tt2250192,7,2021-12-04,Sword Art Online,https://www.imdb.com/title/tt2250192/,tvSeries,7.5,24,2012,"Animation, Action, Adventure, Fantasy, Romance, Sci-Fi, Thriller",50184,2012-06-24,
tt2250912,7,2021-09-13,Spider-Man: Homecoming,https://www.imdb.com/title/tt2250912/,movie,7.4,133,2017,"Action, Adventure, Sci-Fi",696082,2017-06-28,Jon Watts
tt2261227,8,2021-11-18,Altered Carbon,https://www.imdb.com/title/tt2261227/,tvSeries,7.9,60,2018,"Action, Drama, Sci-Fi",182086,2018-01-11,
tt2267998,8,2021-10-06,Gone Girl,https://www.imdb.com/title/tt2267998/,movie,8.1,149,2014,"Drama, Mystery, Thriller",1030566,2014-09-26,David Fincher
tt2274648,3,2021-11-30,Hellboy,https://www.imdb.com/title/tt2274648/,movie,5.2,120,2019,"Action, Adventure, Fantasy, Horror, Sci-Fi",95379,2019-04-09,Neil Marshall
tt2278388,7,2021-11-18,The Grand Budapest Hotel,https://www.imdb.com/title/tt2278388/,movie,8.1,99,2014,"Adventure, Comedy, Crime",858544,2014-02-06,Wes Anderson
tt2278871,4,2021-11-18,La vie d'Adèle,https://www.imdb.com/title/tt2278871/,movie,7.7,180,2013,"Drama, Romance",159325,2013-05-23,Abdellatif Kechiche
tt23022276,6,2023-03-12,"Pepsi, Where's My Jet?",https://www.imdb.com/title/tt23022276/,tvMiniSeries,7.0,157,2022,"Documentary, History",11249,2022-11-17,
tt2306299,8,2023-08-25,Vikings,https://www.imdb.com/title/tt2306299/,tvSeries,8.5,44,2013,"Action, Adventure, Drama, History, Romance, War",562368,2013-03-03,
tt2310332,4,2021-11-29,The Hobbit: The Battle of the Five Armies,https://www.imdb.com/title/tt2310332/,movie,7.4,144,2014,"Adventure, Fantasy",555710,2014-12-01,Peter Jackson
tt2316411,3,2021-10-06,Enemy,https://www.imdb.com/title/tt2316411/,movie,6.9,91,2013,"Drama, Mystery, Thriller",206624,2013-09-08,Denis Villeneuve
tt2329220,6,2023-08-18,Btooom!,https://www.imdb.com/title/tt2329220/,tvSeries,7.1,25,2012,"Animation, Action, Drama, Sci-Fi, Thriller",4545,2012-10-04,
tt0234215,6,2022-01-02,The Matrix Reloaded,https://www.imdb.com/title/tt0234215/,movie,7.2,138,2003,"Action, Sci-Fi",616230,2003-05-07,"Lilly Wachowski, Lana Wachowski"
tt2356777,7,2021-11-18,True Detective,https://www.imdb.com/title/tt2356777/,tvSeries,8.9,55,2014,"Crime, Drama, Mystery, Thriller",609292,2014-01-12,
tt23571908,5,2023-03-12,Chris Rock: Selective Outrage,https://www.imdb.com/title/tt23571908/,tvSpecial,6.8,69,2023,Comedy,10907,2023-03-04,Joel Gallen
tt2379713,5,2021-11-29,Spectre,https://www.imdb.com/title/tt2379713/,movie,6.8,148,2015,"Action, Adventure, Thriller",456436,2015-10-26,Sam Mendes
tt2381249,7,2023-09-02,Mission: Impossible - Rogue Nation,https://www.imdb.com/title/tt2381249/,movie,7.4,131,2015,"Action, Adventure, Thriller",399989,2015-07-23,Christopher McQuarrie
tt2382320,6,2021-11-27,No Time to Die,https://www.imdb.com/title/tt2382320/,movie,7.3,163,2021,"Action, Adventure, Thriller",429178,2021-09-28,Cary Joji Fukunaga
tt2395427,8,2021-11-29,Avengers: Age of Ultron,https://www.imdb.com/title/tt2395427/,movie,7.3,141,2015,"Action, Adventure, Sci-Fi",900067,2015-04-13,Joss Whedon
tt2397535,8,2022-05-29,Predestination,https://www.imdb.com/title/tt2397535/,movie,7.4,97,2014,"Action, Drama, Sci-Fi, Thriller",294949,2014-03-08,"Michael Spierig, Peter Spierig"
tt2403776,6,2021-11-18,Shadow and Bone,https://www.imdb.com/title/tt2403776/,tvSeries,7.6,60,2021,"Action, Adventure, Drama, Fantasy, Mystery",108874,2021-04-23,
tt0240772,10,2021-11-29,Ocean's Eleven,https://www.imdb.com/title/tt0240772/,movie,7.7,116,2001,"Crime, Thriller",601850,2001-12-05,Steven Soderbergh
tt0241527,6,2022-05-09,Harry Potter and the Sorcerer's Stone,https://www.imdb.com/title/tt0241527/,movie,7.6,152,2001,"Adventure, Family, Fantasy",825360,2001-11-04,Chris Columbus
tt0242653,7,2022-01-02,The Matrix Revolutions,https://www.imdb.com/title/tt0242653/,movie,6.7,129,2003,"Action, Sci-Fi",531913,2003-10-16,"Lilly Wachowski, Lana Wachowski"
tt2431438,3,2021-11-18,Sense8,https://www.imdb.com/title/tt2431438/,tvSeries,8.2,60,2015,"Drama, Mystery, Sci-Fi, Thriller",159817,2015-06-05,
tt0245429,7,2021-09-13,Sen to Chihiro no kamikakushi,https://www.imdb.com/title/tt0245429/,movie,8.6,125,2001,"Animation, Adventure, Family, Fantasy, Mystery",810613,2001-07-20,Hayao Miyazaki
tt2527336,6,2023-01-02,Star Wars: Episode VIII - The Last Jedi,https://www.imdb.com/title/tt2527336/,movie,6.9,152,2017,"Action, Adventure, Fantasy, Sci-Fi",656667,2017-12-09,Rian Johnson
tt2543164,10,2021-10-06,Arrival,https://www.imdb.com/title/tt2543164/,movie,7.9,116,2016,"Drama, Mystery, Sci-Fi",737792,2016-09-01,Denis Villeneuve
tt2543312,9,2023-04-23,Halt and Catch Fire,https://www.imdb.com/title/tt2543312/,tvSeries,8.4,60,2014,Drama,34308,2014-03-08,
tt2560140,9,2023-05-01,Shingeki no Kyojin,https://www.imdb.com/title/tt2560140/,tvSeries,9.0,24,2013,"Animation, Action, Adventure, Drama, Fantasy, Horror",441036,2013-04-07,
tt2562232,3,2021-11-18,Birdman or (The Unexpected Virtue of Ignorance),https://www.imdb.com/title/tt2562232/,movie,7.7,119,2014,"Comedy, Drama",652818,2014-08-27,Alejandro G. Iñárritu
tt2575988,8,2021-11-18,Silicon Valley,https://www.imdb.com/title/tt2575988/,tvSeries,8.5,28,2014,Comedy,160305,2014-04-06,
tt2582802,9,2021-09-13,Whiplash,https://www.imdb.com/title/tt2582802/,movie,8.5,106,2014,"Drama, Music",933087,2014-01-16,Damien Chazelle
tt0258463,7,2021-11-29,The Bourne Identity,https://www.imdb.com/title/tt0258463/,movie,7.8,119,2002,"Action, Mystery, Thriller",565124,2002-06-06,Doug Liman
tt0264464,9,2023-03-23,Catch Me If You Can,https://www.imdb.com/title/tt0264464/,movie,8.1,141,2002,"Biography, Crime, Drama",1049139,2002-12-16,Steven Spielberg
tt2660888,8,2021-11-29,Star Trek Beyond,https://www.imdb.com/title/tt2660888/,movie,7.0,122,2016,"Action, Adventure, Sci-Fi, Thriller",254407,2016-07-20,Justin Lin
tt0268978,7,2023-03-24,A Beautiful Mind,https://www.imdb.com/title/tt0268978/,movie,8.2,135,2001,"Biography, Drama",963445,2001-12-13,Ron Howard
tt2713180,9,2021-11-29,Fury,https://www.imdb.com/title/tt2713180/,movie,7.6,134,2014,"Action, Drama, War",524762,2014-10-15,David Ayer
tt0272152,6,2021-11-18,K-PAX,https://www.imdb.com/title/tt0272152/,movie,7.4,120,2001,"Drama, Mystery, Sci-Fi",190112,2001-10-22,Iain Softley
tt2737304,4,2021-10-06,Bird Box,https://www.imdb.com/title/tt2737304/,movie,6.6,124,2018,"Horror, Mystery, Sci-Fi",372184,2018-11-12,Susanne Bier
tt2798920,8,2021-10-06,Annihilation,https://www.imdb.com/title/tt2798920/,movie,6.8,115,2018,"Adventure, Drama, Horror, Mystery, Sci-Fi, Thriller",348659,2018-02-13,Alex Garland
tt2802144,6,2021-11-29,Kingsman: The Secret Service,https://www.imdb.com/title/tt2802144/,movie,7.7,129,2014,"Action, Adventure, Comedy, Thriller",697318,2014-12-13,Matthew Vaughn
tt2861424,7,2021-11-18,Rick and Morty,https://www.imdb.com/title/tt2861424/,tvSeries,9.1,23,2013,"Animation, Adventure, Comedy, Sci-Fi",568365,2013-12-02,
tt2872718,8,2021-11-18,Nightcrawler,https://www.imdb.com/title/tt2872718/,movie,7.8,117,2014,"Crime, Drama, Thriller",583234,2014-09-05,Dan Gilroy
tt2872732,8,2021-11-29,Lucy,https://www.imdb.com/title/tt2872732/,movie,6.4,89,2014,"Action, Sci-Fi, Thriller",519996,2014-07-25,Luc Besson
tt2887954,5,2022-06-13,Tokyo Vice,https://www.imdb.com/title/tt2887954/,tvSeries,8.0,60,2022,"Crime, Drama, Thriller",34017,2022-04-07,
tt0289043,7,2022-06-07,28 Days Later...,https://www.imdb.com/title/tt0289043/,movie,7.5,113,2002,"Drama, Horror, Sci-Fi, Thriller",431832,2002-11-01,Danny Boyle
tt0289879,6,2021-11-29,The Butterfly Effect,https://www.imdb.com/title/tt0289879/,movie,7.6,113,2004,"Drama, Sci-Fi, Thriller",509463,2004-01-17,"J. Mackye Gruber, Eric Bress"
tt0290334,5,2021-11-29,X2,https://www.imdb.com/title/tt0290334/,movie,7.4,134,2003,"Action, Sci-Fi, Thriller",566275,2003-04-24,Bryan Singer
tt2906216,7,2023-05-09,Dungeons & Dragons: Honor Among Thieves,https://www.imdb.com/title/tt2906216/,movie,7.3,134,2023,"Action, Adventure, Comedy, Fantasy",185191,2023-03-10,"John Francis Daley, Jonathan Goldstein"
tt2908446,6,2021-11-29,Insurgent,https://www.imdb.com/title/tt2908446/,movie,6.2,119,2015,"Action, Adventure, Sci-Fi, Thriller",248646,2015-03-11,Robert Schwentke
tt2910814,6,2023-08-18,The Signal,https://www.imdb.com/title/tt2910814/,movie,6.0,97,2014,"Drama, Mystery, Sci-Fi, Thriller",68128,2014-01-20,William Eubank
tt2911666,9,2021-11-29,John Wick,https://www.imdb.com/title/tt2911666/,movie,7.4,101,2014,"Action, Crime, Thriller",713548,2014-09-19,"David Leitch, Chad Stahelski"
tt2934286,5,2022-07-20,Halo,https://www.imdb.com/title/tt2934286/,tvSeries,7.2,60,2022,"Action, Adventure, Sci-Fi, Thriller, War",69653,2022-03-14,
tt0293429,5,2023-07-17,Mortal Kombat,https://www.imdb.com/title/tt0293429/,movie,6.1,110,2021,"Action, Adventure, Fantasy, Sci-Fi, Thriller",184454,2021-04-07,Simon McQuoid
tt0293662,8,2021-11-30,The Transporter,https://www.imdb.com/title/tt0293662/,movie,6.8,92,2002,"Action, Crime, Thriller",314873,2002-10-02,"Corey Yuen, Louis Leterrier"
tt0296572,8,2021-11-30,The Chronicles of Riddick,https://www.imdb.com/title/tt0296572/,movie,6.6,119,2004,"Action, Adventure, Sci-Fi, Thriller",237944,2004-06-03,David Twohy
tt2975590,7,2021-11-29,Batman v Superman: Dawn of Justice,https://www.imdb.com/title/tt2975590/,movie,6.5,151,2016,"Action, Adventure, Sci-Fi",740247,2016-03-12,Zack Snyder
tt2980516,9,2021-11-18,The Theory of Everything,https://www.imdb.com/title/tt2980516/,movie,7.7,123,2014,"Biography, Drama, Romance",470810,2014-09-07,James Marsh
tt3007572,5,2021-11-18,Locke & Key,https://www.imdb.com/title/tt3007572/,tvSeries,7.3,48,2020,"Drama, Fantasy, Horror, Mystery, Thriller",93730,2020-02-07,
tt3032476,8,2021-11-18,Better Call Saul,https://www.imdb.com/title/tt3032476/,tvSeries,9.0,46,2015,"Crime, Drama",606375,2015-02-08,
tt0303461,6,2021-11-18,Firefly,https://www.imdb.com/title/tt0303461/,tvSeries,9.0,44,2002,"Adventure, Drama, Sci-Fi",275495,2002-09-20,
tt3107288,4,2021-11-29,The Flash,https://www.imdb.com/title/tt3107288/,tvSeries,7.5,43,2014,"Action, Adventure, Drama, Sci-Fi",363329,2014-10-07,
tt3110958,4,2021-11-29,Now You See Me 2,https://www.imdb.com/title/tt3110958/,movie,6.4,129,2016,"Action, Adventure, Comedy, Crime, Mystery, Thriller",309944,2016-06-02,Jon M. Chu
tt0316654,7,2021-12-04,Spider-Man 2,https://www.imdb.com/title/tt0316654/,movie,7.5,127,2004,"Action, Adventure, Sci-Fi",686509,2004-06-25,Sam Raimi
tt0317740,7,2021-11-29,The Italian Job,https://www.imdb.com/title/tt0317740/,movie,7.0,111,2003,"Action, Crime, Thriller",381631,2003-05-30,F. Gary Gray
tt3183660,8,2022-05-09,Fantastic Beasts and Where to Find Them,https://www.imdb.com/title/tt3183660/,movie,7.2,132,2016,"Adventure, Family, Fantasy",494980,2016-11-08,David Yates
tt0319262,8,2021-11-30,The Day After Tomorrow,https://www.imdb.com/title/tt0319262/,movie,6.5,124,2004,"Action, Adventure, Sci-Fi, Thriller",465928,2004-05-17,Roland Emmerich
tt3228774,6,2021-11-18,Cruella,https://www.imdb.com/title/tt3228774/,movie,7.3,134,2021,"Adventure, Comedy, Crime, Drama",252103,2021-05-18,Craig Gillespie
tt3230854,8,2021-11-18,The Expanse,https://www.imdb.com/title/tt3230854/,tvSeries,8.5,60,2015,"Drama, Mystery, Sci-Fi",164968,2015-09-15,
tt0325980,6,2021-11-29,Pirates of the Caribbean: The Curse of the Black Pearl,https://www.imdb.com/title/tt0325980/,movie,8.1,143,2003,"Action, Adventure, Fantasy",1175041,2003-06-28,Gore Verbinski
tt3272066,2,2022-02-24,Reminiscence,https://www.imdb.com/title/tt3272066/,movie,5.9,116,2021,"Mystery, Romance, Sci-Fi, Thriller",62180,2021-08-11,Lisa Joy
tt3315342,9,2021-10-06,Logan,https://www.imdb.com/title/tt3315342/,movie,8.1,137,2017,"Action, Drama, Sci-Fi, Thriller",804314,2017-02-17,James Mangold
tt0332452,9,2021-11-29,Troy,https://www.imdb.com/title/tt0332452/,movie,7.3,163,2004,Drama,556222,2004-05-09,Wolfgang Petersen
tt0333766,8,2022-02-27,Garden State,https://www.imdb.com/title/tt0333766/,movie,7.4,102,2004,"Comedy, Drama, Romance",221130,2004-01-16,Zach Braff
tt3361792,7,2023-04-11,Tolkien,https://www.imdb.com/title/tt3361792/,movie,6.8,112,2019,"Biography, Drama, Romance, War",44656,2019-04-29,Dome Karukoski
tt3385516,8,2021-11-29,X-Men: Apocalypse,https://www.imdb.com/title/tt3385516/,movie,6.9,144,2016,"Action, Adventure, Sci-Fi",451549,2016-05-09,Bryan Singer
tt3397884,8,2021-10-06,Sicario,https://www.imdb.com/title/tt3397884/,movie,7.7,121,2015,"Action, Crime, Drama, Mystery, Thriller",455185,2015-05-19,Denis Villeneuve
tt3398228,10,2021-11-18,BoJack Horseman,https://www.imdb.com/title/tt3398228/,tvSeries,8.8,25,2014,"Animation, Comedy, Drama",176889,2014-08-22,
tt3410834,4,2021-11-29,Allegiant,https://www.imdb.com/title/tt3410834/,movie,5.7,120,2016,"Action, Adventure, Mystery, Sci-Fi, Thriller",129661,2016-03-08,Robert Schwentke
tt3420504,6,2022-01-15,Finch,https://www.imdb.com/title/tt3420504/,movie,6.9,115,2021,"Adventure, Drama, Sci-Fi",91752,2021-11-05,Miguel Sapochnik
tt0343818,7,2021-11-29,"I, Robot",https://www.imdb.com/title/tt0343818/,movie,7.1,115,2004,"Action, Mystery, Sci-Fi, Thriller",562178,2004-07-07,Alex Proyas
tt3450958,5,2021-11-30,War for the Planet of the Apes,https://www.imdb.com/title/tt3450958/,movie,7.4,140,2017,"Action, Adventure, Drama, Sci-Fi, Thriller",271624,2017-07-07,Matt Reeves
tt3480822,5,2021-09-13,Black Widow,https://www.imdb.com/title/tt3480822/,movie,6.7,134,2021,"Action, Adventure, Sci-Fi",408338,2021-06-30,Cate Shortland
tt3498820,8,2021-11-29,Captain America: Civil War,https://www.imdb.com/title/tt3498820/,movie,7.8,147,2016,"Action, Sci-Fi",826955,2016-04-12,"Anthony Russo, Joe Russo"
tt0349903,9,2021-11-29,Ocean's Twelve,https://www.imdb.com/title/tt0349903/,movie,6.5,125,2004,"Crime, Thriller",405767,2004-12-08,Steven Soderbergh
tt3501632,9,2021-11-29,Thor: Ragnarok,https://www.imdb.com/title/tt3501632/,movie,7.9,130,2017,"Action, Adventure, Comedy, Fantasy, Sci-Fi",792608,2017-10-10,Taika Waititi
tt0356910,10,2021-11-29,Mr. & Mrs. Smith,https://www.imdb.com/title/tt0356910/,movie,6.5,120,2005,"Action, Comedy, Crime, Thriller",521846,2005-06-07,Doug Liman
tt3581920,8,2023-05-01,The Last of Us,https://www.imdb.com/title/tt3581920/,tvSeries,8.8,50,2023,"Action, Adventure, Drama, Horror, Sci-Fi, Thriller",458125,2023-01-15,
tt0360486,6,2021-12-04,Constantine,https://www.imdb.com/title/tt0360486/,movie,7.0,121,2005,"Action, Fantasy, Horror, Mystery",363784,2005-02-07,Francis Lawrence
tt0361748,5,2021-09-13,Inglourious Basterds,https://www.imdb.com/title/tt0361748/,movie,8.3,153,2009,"Adventure, Drama, War",1526323,2009-05-20,Quentin Tarantino
tt0364569,7,2021-09-13,Oldeuboi,https://www.imdb.com/title/tt0364569/,movie,8.4,120,2003,"Action, Drama, Mystery, Thriller",611418,2003-11-21,Park Chan-wook
tt3659388,7,2021-10-06,The Martian,https://www.imdb.com/title/tt3659388/,movie,8.0,144,2015,"Adventure, Drama, Sci-Fi",895128,2015-09-11,Ridley Scott
tt0368891,8,2021-11-30,National Treasure,https://www.imdb.com/title/tt0368891/,movie,6.9,131,2004,"Action, Adventure, Mystery, Thriller",347114,2004-11-08,Jon Turteltaub
tt0369339,7,2022-10-03,Collateral,https://www.imdb.com/title/tt0369339/,movie,7.5,120,2004,"Action, Crime, Drama, Thriller",422954,2004-08-02,Michael Mann
tt0369610,4,2021-11-30,Jurassic World,https://www.imdb.com/title/tt0369610/,movie,6.9,124,2015,"Action, Adventure, Sci-Fi",665955,2015-05-29,Colin Trevorrow
tt0371746,7,2021-11-29,Iron Man,https://www.imdb.com/title/tt0371746/,movie,7.9,126,2008,"Action, Adventure, Sci-Fi",1098462,2008-04-14,Jon Favreau
tt0372183,6,2021-11-29,The Bourne Supremacy,https://www.imdb.com/title/tt0372183/,movie,7.7,108,2004,"Action, Mystery, Thriller",478470,2004-07-16,Paul Greengrass
tt0372784,9,2021-11-29,Batman Begins,https://www.imdb.com/title/tt0372784/,movie,8.2,140,2005,"Action, Crime, Drama",1535658,2005-05-31,Christopher Nolan
tt3731562,5,2021-11-30,Kong: Skull Island,https://www.imdb.com/title/tt3731562/,movie,6.7,118,2017,"Action, Adventure, Fantasy, Sci-Fi",335731,2017-01-02,Jordan Vogt-Roberts
tt3748528,7,2021-11-18,Rogue One,https://www.imdb.com/title/tt3748528/,movie,7.8,133,2016,"Action, Adventure, Sci-Fi",667892,2016-12-10,Gareth Edwards
tt3749900,5,2021-11-29,Gotham,https://www.imdb.com/title/tt3749900/,tvSeries,7.8,42,2014,"Action, Crime, Drama, Mystery, Sci-Fi, Thriller",237213,2014-07-26,
tt0376994,6,2021-11-30,X-Men: The Last Stand,https://www.imdb.com/title/tt0376994/,movie,6.6,104,2006,"Action, Adventure, Sci-Fi",531820,2006-05-22,Brett Ratner
tt3794354,6,2022-05-12,Sonic the Hedgehog,https://www.imdb.com/title/tt3794354/,movie,6.5,99,2020,"Action, Adventure, Comedy, Family, Fantasy, Sci-Fi",152621,2020-01-25,Jeff Fowler
tt3799694,6,2021-11-18,The Nice Guys,https://www.imdb.com/title/tt3799694/,movie,7.4,116,2016,"Action, Comedy, Crime, Thriller",354886,2016-05-10,Shane Black
tt0381061,6,2021-10-06,Casino Royale,https://www.imdb.com/title/tt0381061/,movie,8.0,144,2006,"Action, Adventure, Thriller",679278,2006-11-14,Martin Campbell
tt0383574,8,2021-11-29,Pirates of the Caribbean: Dead Man's Chest,https://www.imdb.com/title/tt0383574/,movie,7.4,151,2006,"Action, Adventure, Fantasy",748029,2006-06-24,Gore Verbinski
tt0386676,9,2022-10-03,The Office,https://www.imdb.com/title/tt0386676/,tvSeries,9.0,22,2005,Comedy,667687,2005-03-24,
tt3890160,9,2021-10-06,Baby Driver,https://www.imdb.com/title/tt3890160/,movie,7.6,113,2017,"Action, Crime, Drama, Music",582625,2017-03-11,Edgar Wright
tt3896198,8,2021-11-29,Guardians of the Galaxy Vol. 2,https://www.imdb.com/title/tt3896198/,movie,7.6,136,2017,"Action, Adventure, Comedy, Sci-Fi",736168,2017-04-10,James Gunn
tt0390384,7,2022-05-29,Primer,https://www.imdb.com/title/tt0390384/,movie,6.7,77,2004,"Drama, Sci-Fi, Thriller",111600,2004-01-16,Shane Carruth
tt0399295,7,2023-03-04,Lord of War,https://www.imdb.com/title/tt0399295/,movie,7.6,122,2005,"Crime, Drama",330129,2005-09-16,Andrew Niccol
tt4016454,4,2021-11-29,Supergirl,https://www.imdb.com/title/tt4016454/,tvSeries,6.2,43,2015,"Action, Adventure, Drama, Sci-Fi",127841,2015-07-11,
tt0401729,9,2021-11-30,John Carter,https://www.imdb.com/title/tt0401729/,movie,6.6,132,2012,"Action, Adventure, Sci-Fi",281574,2012-02-22,Andrew Stanton
tt4046784,3,2021-11-29,Maze Runner: The Scorch Trials,https://www.imdb.com/title/tt4046784/,movie,6.3,131,2015,"Action, Adventure, Sci-Fi, Thriller",266141,2015-09-01,Wes Ball
tt0407887,6,2021-09-13,The Departed,https://www.imdb.com/title/tt0407887/,movie,8.5,151,2006,"Crime, Drama, Thriller",1380949,2006-09-26,Martin Scorsese
tt0409459,7,2021-11-18,Watchmen,https://www.imdb.com/title/tt0409459/,movie,7.6,162,2009,"Action, Drama, Mystery, Sci-Fi",569965,2009-02-23,Zack Snyder
tt0409847,4,2021-11-30,Cowboys & Aliens,https://www.imdb.com/title/tt0409847/,movie,6.0,119,2011,"Action, Drama, Sci-Fi, Thriller, Western",228332,2011-07-29,Jon Favreau
tt0411008,5,2021-11-18,Lost,https://www.imdb.com/title/tt0411008/,tvSeries,8.3,44,2004,"Adventure, Drama, Fantasy, Mystery, Sci-Fi, Thriller",578271,2004-09-22,
tt0411477,6,2021-11-30,Hellboy II: The Golden Army,https://www.imdb.com/title/tt0411477/,movie,7.0,120,2008,"Action, Adventure, Fantasy, Horror, Sci-Fi",281147,2008-06-28,Guillermo del Toro
tt0412142,7,2021-11-18,House M.D.,https://www.imdb.com/title/tt0412142/,tvSeries,8.7,44,2004,"Drama, Mystery",490359,2004-11-15,
tt4123430,7,2022-05-09,Fantastic Beasts: The Crimes of Grindelwald,https://www.imdb.com/title/tt4123430/,movie,6.5,134,2018,"Adventure, Family, Fantasy",299063,2018-11-08,David Yates
tt4123432,2,2022-06-07,Fantastic Beasts: The Secrets of Dumbledore,https://www.imdb.com/title/tt4123432/,movie,6.2,142,2022,"Adventure, Family, Fantasy",158682,2022-04-06,David Yates
tt0413300,6,2021-11-29,Spider-Man 3,https://www.imdb.com/title/tt0413300/,movie,6.3,139,2007,"Action, Adventure, Sci-Fi",619840,2007-04-03,Sam Raimi
tt4154664,4,2021-11-29,Captain Marvel,https://www.imdb.com/title/tt4154664/,movie,6.8,123,2019,"Action, Adventure, Sci-Fi",591295,2019-02-27,"Anna Boden, Ryan Fleck"
tt4154756,8,2021-09-13,Avengers: Infinity War,https://www.imdb.com/title/tt4154756/,movie,8.4,149,2018,"Action, Adventure, Sci-Fi",1156471,2018-04-23,"Anthony Russo, Joe Russo"
tt4154796,9,2021-09-13,Avengers: Endgame,https://www.imdb.com/title/tt4154796/,movie,8.4,181,2019,"Action, Adventure, Drama, Sci-Fi",1215592,2019-04-18,"Anthony Russo, Joe Russo"
tt4158110,9,2021-11-18,Mr. Robot,https://www.imdb.com/title/tt4158110/,tvSeries,8.5,49,2015,"Crime, Drama, Thriller",406210,2015-03-17,
tt0416449,8,2021-11-29,300,https://www.imdb.com/title/tt0416449/,movie,7.6,117,2006,"Action, Drama",846546,2006-12-09,Zack Snyder
tt0418279,7,2021-11-30,Transformers,https://www.imdb.com/title/tt0418279/,movie,7.0,144,2007,"Action, Adventure, Sci-Fi",663504,2007-06-12,Michael Bay
tt4209788,7,2023-03-23,Molly's Game,https://www.imdb.com/title/tt4209788/,movie,7.4,140,2017,"Biography, Crime, Drama, Sport",182196,2017-09-08,Aaron Sorkin
tt0421715,6,2021-11-29,The Curious Case of Benjamin Button,https://www.imdb.com/title/tt0421715/,movie,7.8,166,2008,"Drama, Fantasy, Romance",678223,2008-12-10,David Fincher
tt4244994,8,2022-01-15,The Last Duel,https://www.imdb.com/title/tt4244994/,movie,7.4,152,2021,"Action, Drama, History, Thriller",171332,2021-09-10,Ridley Scott
tt4276820,7,2023-03-23,The Founder,https://www.imdb.com/title/tt4276820/,movie,7.2,115,2016,"Biography, Drama",167546,2016-11-24,John Lee Hancock
tt4301160,3,2023-08-01,Black Bird,https://www.imdb.com/title/tt4301160/,tvMiniSeries,8.1,347,2022,"Biography, Crime, Drama, Mystery, Thriller",89528,2022-07-08,
tt0433035,7,2021-11-30,Real Steel,https://www.imdb.com/title/tt0433035/,movie,7.1,127,2011,"Action, Drama, Sci-Fi, Sport",346463,2011-09-06,Shawn Levy
tt0434409,7,2021-11-18,V for Vendetta,https://www.imdb.com/title/tt0434409/,movie,8.2,132,2005,"Action, Drama, Sci-Fi, Thriller",1154825,2005-12-11,James McTeigue
tt0439572,3,2023-07-24,The Flash,https://www.imdb.com/title/tt0439572/,movie,6.8,144,2023,"Action, Adventure, Fantasy, Sci-Fi",173760,2023-06-14,Andy Muschietti
tt0440963,7,2021-11-29,The Bourne Ultimatum,https://www.imdb.com/title/tt0440963/,movie,8.0,115,2007,"Action, Mystery, Thriller",649490,2007-07-25,Paul Greengrass
tt4422836,6,2021-11-29,Limitless,https://www.imdb.com/title/tt4422836/,tvSeries,7.6,42,2015,"Comedy, Crime, Drama, Sci-Fi, Thriller",70468,2015-09-22,
tt4425200,6,2023-03-28,John Wick: Chapter 2,https://www.imdb.com/title/tt4425200/,movie,7.4,122,2017,"Action, Crime, Thriller",491561,2017-01-30,Chad Stahelski
tt0443543,6,2023-01-16,The Illusionist,https://www.imdb.com/title/tt0443543/,movie,7.5,110,2006,"Drama, Fantasy, Mystery, Romance, Thriller",384026,2006-01-22,Neil Burger
tt0443706,8,2021-11-18,Zodiac,https://www.imdb.com/title/tt0443706/,movie,7.7,157,2007,"Crime, Drama, Mystery, Thriller",575767,2007-02-28,David Fincher
tt0448115,6,2021-11-29,Shazam!,https://www.imdb.com/title/tt0448115/,movie,7.0,132,2019,"Action, Adventure, Comedy, Fantasy",373086,2019-03-25,David F. Sandberg
tt0448157,8,2021-11-29,Hancock,https://www.imdb.com/title/tt0448157/,movie,6.4,92,2008,"Action, Comedy, Drama, Fantasy",501388,2008-06-16,Peter Berg
tt0449088,8,2021-11-29,Pirates of the Caribbean: At World's End,https://www.imdb.com/title/tt0449088/,movie,7.1,169,2007,"Action, Adventure, Fantasy",676653,2007-05-19,Gore Verbinski
tt4500922,4,2021-11-29,Maze Runner: The Death Cure,https://www.imdb.com/title/tt4500922/,movie,6.2,143,2018,"Action, Adventure, Sci-Fi, Thriller",154301,2018-01-17,Wes Ball
tt0450259,7,2023-03-23,Blood Diamond,https://www.imdb.com/title/tt0450259/,movie,8.0,143,2006,"Adventure, Drama, Thriller",572068,2006-12-06,Edward Zwick
tt4508902,7,2021-11-30,One Punch Man: Wanpanman,https://www.imdb.com/title/tt4508902/,tvSeries,8.7,24,2015,"Animation, Action, Comedy, Fantasy, Sci-Fi",177094,2015-10-01,
tt0451279,8,2021-11-29,Wonder Woman,https://www.imdb.com/title/tt0451279/,movie,7.4,141,2017,"Action, Adventure, Fantasy, Sci-Fi, War",684608,2017-05-15,Patty Jenkins
tt4513678,7,2022-01-14,Ghostbusters: Afterlife,https://www.imdb.com/title/tt4513678/,movie,7.1,124,2021,"Adventure, Comedy, Fantasy, Sci-Fi",200794,2021-10-08,Jason Reitman
tt0452608,7,2021-11-30,Death Race,https://www.imdb.com/title/tt0452608/,movie,6.4,105,2008,"Action, Sci-Fi, Thriller",215720,2008-08-21,Paul W.S. Anderson
tt4532368,3,2021-11-29,Legends of Tomorrow,https://www.imdb.com/title/tt4532368/,tvSeries,6.8,42,2016,"Action, Adventure, Drama, Sci-Fi",108488,2016-01-21,
tt0454876,7,2021-11-18,Life of Pi,https://www.imdb.com/title/tt0454876/,movie,7.9,127,2012,"Adventure, Drama, Fantasy",653095,2012-09-28,Ang Lee
tt0454921,9,2021-11-30,The Pursuit of Happyness,https://www.imdb.com/title/tt0454921/,movie,8.0,117,2006,"Biography, Drama",542675,2006-12-15,Gabriele Muccino
tt4574334,7,2021-10-06,Stranger Things,https://www.imdb.com/title/tt4574334/,tvSeries,8.7,51,2016,"Drama, Fantasy, Horror, Mystery, Sci-Fi, Thriller",1277813,2016-07-11,
tt0458339,6,2021-11-29,Captain America: The First Avenger,https://www.imdb.com/title/tt0458339/,movie,6.9,124,2011,"Action, Adventure, Sci-Fi",877086,2011-07-19,Joe Johnston
tt0458525,3,2021-11-30,X-Men Origins: Wolverine,https://www.imdb.com/title/tt0458525/,movie,6.5,107,2009,"Action, Sci-Fi",520940,2009-04-08,Gavin Hood
tt4633694,10,2021-09-13,Spider-Man: Into the Spider-Verse,https://www.imdb.com/title/tt4633694/,movie,8.4,117,2018,"Animation, Action, Adventure, Comedy, Family, Fantasy, Sci-Fi",630905,2018-12-12,"Peter Ramsey, Bob Persichetti, Rodney Rothman"
tt4635282,4,2021-11-18,The OA,https://www.imdb.com/title/tt4635282/,tvSeries,7.8,60,2016,"Drama, Fantasy, Mystery, Sci-Fi",110772,2016-12-16,
tt0463854,7,2022-06-07,28 Weeks Later,https://www.imdb.com/title/tt0463854/,movie,6.9,100,2007,"Action, Adventure, Horror, Sci-Fi",286897,2007-04-26,Juan Carlos Fresnadillo
tt4649466,5,2021-11-29,Kingsman: The Golden Circle,https://www.imdb.com/title/tt4649466/,movie,6.7,141,2017,"Action, Adventure, Comedy, Crime, Thriller",350294,2017-09-20,Matthew Vaughn
tt0465494,3,2021-11-30,Hitman,https://www.imdb.com/title/tt0465494/,movie,6.2,100,2007,"Action, Crime, Thriller",175405,2007-11-21,Xavier Gens
tt0468569,9,2021-09-13,The Dark Knight,https://www.imdb.com/title/tt0468569/,movie,9.0,152,2008,"Action, Crime, Drama, Thriller",2782993,2008-07-14,Christopher Nolan
tt0470752,9,2021-10-06,Ex Machina,https://www.imdb.com/title/tt0470752/,movie,7.7,108,2014,"Drama, Sci-Fi, Thriller",569601,2014-12-16,Alex Garland
tt0473075,2,2021-11-30,Prince of Persia: The Sands of Time,https://www.imdb.com/title/tt0473075/,movie,6.6,116,2010,"Action, Adventure, Fantasy",298974,2010-05-09,Mike Newell
tt0475784,8,2022-10-03,Westworld,https://www.imdb.com/title/tt0475784/,tvSeries,8.5,62,2016,"Drama, Mystery, Sci-Fi",521262,2016-09-30,
tt0478970,7,2021-11-29,Ant-Man,https://www.imdb.com/title/tt0478970/,movie,7.3,117,2015,"Action, Comedy, Sci-Fi",704213,2015-06-29,Peyton Reed
tt0479884,6,2021-11-30,Crank,https://www.imdb.com/title/tt0479884/,movie,6.9,88,2006,"Action, Crime, Thriller",258595,2006-08-31,"Brian Taylor, Mark Neveldine"
tt0480249,7,2021-11-29,I Am Legend,https://www.imdb.com/title/tt0480249/,movie,7.2,101,2007,"Action, Drama, Horror, Sci-Fi, Thriller",791798,2007-12-05,Francis Lawrence
tt0482571,9,2023-09-21,The Prestige,https://www.imdb.com/title/tt0482571/,movie,8.5,130,2006,"Drama, Mystery, Sci-Fi, Thriller",1397650,2006-10-17,Christopher Nolan
tt4846340,6,2023-03-23,Hidden Figures,https://www.imdb.com/title/tt4846340/,movie,7.8,127,2016,"Biography, Drama, History",246085,2016-12-01,Theodore Melfi
tt0485947,4,2021-11-18,Mr. Nobody,https://www.imdb.com/title/tt0485947/,movie,7.7,141,2009,"Drama, Fantasy, Romance, Sci-Fi",241613,2009-09-11,Jaco Van Dormael
tt0489099,8,2021-11-30,Jumper,https://www.imdb.com/title/tt0489099/,movie,6.1,88,2008,"Action, Adventure, Sci-Fi, Thriller",317546,2008-02-06,Doug Liman
tt0489974,6,2023-05-01,Carnival Row,https://www.imdb.com/title/tt0489974/,tvSeries,7.7,56,2019,"Crime, Drama, Fantasy, Mystery, Thriller",79200,2019-08-29,
tt0491175,4,2023-01-03,Suburbicon,https://www.imdb.com/title/tt0491175/,movie,5.8,105,2017,"Comedy, Crime, Drama, Thriller",46356,2017-09-02,George Clooney
tt4912910,7,2023-08-27,Mission: Impossible - Fallout,https://www.imdb.com/title/tt4912910/,movie,7.7,147,2018,"Action, Adventure, Thriller",364764,2018-07-12,Christopher McQuarrie
tt0493464,8,2021-11-29,Wanted,https://www.imdb.com/title/tt0493464/,movie,6.7,110,2008,"Action, Crime, Thriller",402015,2008-06-12,Timur Bekmambetov
tt0496806,8,2021-11-29,Ocean's Thirteen,https://www.imdb.com/title/tt0496806/,movie,6.9,122,2007,"Crime, Thriller",360362,2007-05-24,Steven Soderbergh
tt4972582,8,2021-10-06,Split,https://www.imdb.com/title/tt4972582/,movie,7.3,117,2016,"Horror, Thriller",529282,2016-09-26,M. Night Shyamalan
tt0499549,7,2021-11-18,Avatar,https://www.imdb.com/title/tt0499549/,movie,7.9,162,2009,"Action, Adventure, Fantasy, Sci-Fi",1361230,2009-12-10,James Cameron
tt4995790,4,2023-07-02,The Square,https://www.imdb.com/title/tt4995790/,movie,7.1,151,2017,"Comedy, Drama",74180,2017-05-20,Ruben Östlund
tt5012504,6,2021-11-18,Injustice,https://www.imdb.com/title/tt5012504/,movie,6.4,78,2021,"Animation, Action, Adventure, Drama, Fantasy, Sci-Fi",15132,2021-10-19,Matt Peters
tt5052448,7,2021-10-06,Get Out,https://www.imdb.com/title/tt5052448/,movie,7.8,104,2017,"Horror, Mystery, Thriller",657542,2017-01-23,Jordan Peele
tt5071412,8,2021-11-18,Ozark,https://www.imdb.com/title/tt5071412/,tvSeries,8.5,60,2017,"Crime, Drama, Thriller",333283,2017-07-21,
tt5095030,6,2021-11-29,Ant-Man and the Wasp,https://www.imdb.com/title/tt5095030/,movie,7.0,118,2018,"Action, Adventure, Comedy, Sci-Fi",434860,2018-06-25,Peyton Reed
tt5108870,4,2022-06-07,Morbius,https://www.imdb.com/title/tt5108870/,movie,5.2,104,2022,"Action, Adventure, Horror, Sci-Fi, Thriller",142290,2022-03-23,Daniel Espinosa
tt5109280,4,2022-02-12,Raya and the Last Dragon,https://www.imdb.com/title/tt5109280/,movie,7.3,107,2021,"Animation, Action, Adventure, Comedy, Drama, Family, Fantasy",164078,2021-03-03,"Paul Briggs, Carlos López Estrada, Don Hall, John Ripa"
tt5114356,8,2021-11-18,Legion,https://www.imdb.com/title/tt5114356/,tvSeries,8.2,60,2017,"Action, Drama, Sci-Fi, Thriller",94870,2017-01-26,
tt5164214,3,2021-11-29,Ocean's Eight,https://www.imdb.com/title/tt5164214/,movie,6.3,110,2018,"Action, Comedy, Crime",234295,2018-06-05,Gary Ross
tt5171438,6,2021-11-29,Star Trek: Discovery,https://www.imdb.com/title/tt5171438/,tvSeries,7.1,60,2017,"Action, Adventure, Drama, Sci-Fi",129800,2017-09-19,
tt5180504,5,2022-01-21,The Witcher,https://www.imdb.com/title/tt5180504/,tvSeries,8.0,60,2019,"Action, Adventure, Drama, Fantasy, Mystery",552010,2019-12-20,
tt5290382,7,2021-11-18,Mindhunter,https://www.imdb.com/title/tt5290382/,tvSeries,8.6,60,2017,"Crime, Drama, Mystery, Thriller",316091,2017-10-13,
tt5311514,7,2023-05-10,Kimi no na wa.,https://www.imdb.com/title/tt5311514/,movie,8.4,106,2016,"Animation, Drama, Fantasy, Romance",299460,2016-07-03,Makoto Shinkai
tt5323662,9,2023-08-31,Koe no katachi,https://www.imdb.com/title/tt5323662/,movie,8.1,130,2016,"Animation, Drama",93889,2016-09-17,Naoko Yamada
tt5439796,7,2023-02-22,Logan Lucky,https://www.imdb.com/title/tt5439796/,movie,7.0,118,2017,"Action, Comedy, Crime, Drama",157914,2017-08-07,Steven Soderbergh
tt5442430,7,2021-11-30,Life,https://www.imdb.com/title/tt5442430/,movie,6.6,104,2017,"Horror, Sci-Fi, Thriller",244520,2017-03-18,Daniel Espinosa
tt5463162,7,2021-11-29,Deadpool 2,https://www.imdb.com/title/tt5463162/,movie,7.6,119,2018,"Action, Adventure, Comedy, Sci-Fi",619427,2018-05-01,David Leitch
tt5519340,6,2021-10-19,Bright,https://www.imdb.com/title/tt5519340/,movie,6.3,117,2017,"Action, Fantasy, Thriller",197682,2017-12-13,David Ayer
tt5580036,5,2023-03-23,"I, Tonya",https://www.imdb.com/title/tt5580036/,movie,7.5,119,2017,"Biography, Comedy, Drama, Sport",234083,2017-09-08,Craig Gillespie
tt5580146,6,2021-11-18,Maniac,https://www.imdb.com/title/tt5580146/,tvMiniSeries,7.7,386,2018,"Comedy, Drama, Sci-Fi",83607,2018-09-21,
tt5580390,6,2021-11-18,The Shape of Water,https://www.imdb.com/title/tt5580390/,movie,7.3,123,2017,"Drama, Fantasy, Romance",437475,2017-08-31,Guillermo del Toro
tt5592796,6,2022-02-16,Driven,https://www.imdb.com/title/tt5592796/,movie,6.4,113,2018,"Biography, Comedy, Crime, Drama, History",7891,2018-09-08,Nick Hamm
tt5606664,7,2021-11-29,Doctor Sleep,https://www.imdb.com/title/tt5606664/,movie,7.3,152,2019,"Drama, Fantasy, Horror, Thriller",207212,2019-10-30,Mike Flanagan
tt5640450,6,2023-01-03,ARQ,https://www.imdb.com/title/tt5640450/,movie,6.3,88,2016,"Action, Sci-Fi, Thriller",40979,2016-09-09,Tony Elliott
tt5753856,10,2021-10-06,Dark,https://www.imdb.com/title/tt5753856/,tvSeries,8.7,60,2017,"Crime, Drama, Mystery, Sci-Fi, Thriller",421400,2017-09-09,
tt5774002,7,2023-03-16,Jupiter's Legacy,https://www.imdb.com/title/tt5774002/,tvSeries,6.7,56,2021,"Action, Adventure, Drama, Fantasy, Sci-Fi",40333,2021-05-07,
tt5884052,7,2022-05-12,Pokémon: Detective Pikachu,https://www.imdb.com/title/tt5884052/,movie,6.5,104,2019,"Action, Adventure, Comedy, Family, Mystery, Sci-Fi",177102,2019-05-02,Rob Letterman
tt5932728,7,2022-06-13,The Professor and the Madman,https://www.imdb.com/title/tt5932728/,movie,7.2,124,2019,"Biography, Drama, History",49166,2019-03-15,Farhad Safinia
tt6078096,9,2022-03-11,High Maintenance,https://www.imdb.com/title/tt6078096/,tvSeries,8.1,30,2016,"Comedy, Drama",10026,2016-09-16,
tt6146586,5,2021-11-29,John Wick: Chapter 3 - Parabellum,https://www.imdb.com/title/tt6146586/,movie,7.4,130,2019,"Action, Crime, Thriller",405872,2019-05-15,Chad Stahelski
tt6149154,5,2022-04-22,Waiting for the Barbarians,https://www.imdb.com/title/tt6149154/,movie,5.9,112,2019,Drama,13923,2019-09-06,Ciro Guerra
tt6160448,2,2023-01-12,White Noise,https://www.imdb.com/title/tt6160448/,movie,5.7,136,2022,"Comedy, Drama, Horror, Mystery",41628,2022-08-31,Noah Baumbach
tt0062622,4,2021-09-13,2001: A Space Odyssey,https://www.imdb.com/title/tt0062622/,movie,8.3,149,1968,"Adventure, Sci-Fi",698818,1968-04-02,Stanley Kubrick
tt6264654,4,2021-11-18,Free Guy,https://www.imdb.com/title/tt6264654/,movie,7.1,115,2021,"Action, Adventure, Comedy, Fantasy, Sci-Fi",402740,2021-08-10,Shawn Levy
tt6285944,6,2023-03-23,The Banker,https://www.imdb.com/title/tt6285944/,movie,7.3,120,2020,"Biography, Drama",32948,2020-03-06,George Nolfi
tt6320628,6,2021-09-13,Spider-Man: Far from Home,https://www.imdb.com/title/tt6320628/,movie,7.4,129,2019,"Action, Adventure, Comedy, Sci-Fi",532134,2019-06-26,Jon Watts
tt6334354,8,2021-09-13,The Suicide Squad,https://www.imdb.com/title/tt6334354/,movie,7.2,132,2021,"Action, Adventure, Comedy, Sci-Fi",386546,2021-07-28,James Gunn
tt6443346,4,2023-01-12,Black Adam,https://www.imdb.com/title/tt6443346/,movie,6.3,125,2022,"Action, Adventure, Fantasy, Sci-Fi",259837,2022-10-19,Jaume Collet-Serra
tt6499752,8,2021-11-18,Upgrade,https://www.imdb.com/title/tt6499752/,movie,7.5,100,2018,"Action, Sci-Fi, Thriller",198353,2018-03-10,Leigh Whannell
tt6506264,4,2022-01-14,Tides,https://www.imdb.com/title/tt6506264/,movie,5.4,104,2021,"Action, Adventure, Sci-Fi, Thriller",11356,2021-01-06,Tim Fehlbaum
tt6513120,5,2022-04-04,Fighting with My Family,https://www.imdb.com/title/tt6513120/,movie,7.1,108,2019,"Biography, Comedy, Drama, Sport",85627,2019-01-28,Stephen Merchant
tt6644200,8,2021-10-06,A Quiet Place,https://www.imdb.com/title/tt6644200/,movie,7.5,90,2018,"Drama, Horror, Sci-Fi",562319,2018-03-09,John Krasinski
tt6654210,4,2021-11-18,Infinite,https://www.imdb.com/title/tt6654210/,movie,5.5,106,2021,"Action, Sci-Fi, Thriller",56653,2021-06-10,Antoine Fuqua
tt6710474,8,2022-07-20,Everything Everywhere All at Once,https://www.imdb.com/title/tt6710474/,movie,7.8,139,2022,"Action, Adventure, Comedy, Fantasy, Sci-Fi",480011,2022-03-11,"Daniel Kwan, Daniel Scheinert"
tt6723592,7,2021-09-13,Tenet,https://www.imdb.com/title/tt6723592/,movie,7.3,150,2020,"Action, Sci-Fi, Thriller",561539,2020-08-22,Christopher Nolan
tt6741278,9,2021-11-18,Invincible,https://www.imdb.com/title/tt6741278/,tvSeries,8.7,50,2021,"Animation, Action, Adventure, Drama, Fantasy, Sci-Fi, Thriller",165669,2021-03-25,
tt6751668,10,2021-09-13,Gisaengchung,https://www.imdb.com/title/tt6751668/,movie,8.5,132,2019,"Drama, Thriller",889473,2019-05-21,Bong Joon Ho
tt6763664,8,2021-09-29,The Haunting of Hill House,https://www.imdb.com/title/tt6763664/,tvMiniSeries,8.6,572,2018,"Drama, Horror, Mystery, Thriller",266666,2018-10-07,
tt6791350,6,2023-08-04,Guardians of the Galaxy Vol. 3,https://www.imdb.com/title/tt6791350/,movie,7.9,150,2023,"Action, Adventure, Comedy, Sci-Fi",321760,2023-04-19,James Gunn
tt6857112,5,2021-10-06,Us,https://www.imdb.com/title/tt6857112/,movie,6.8,116,2019,"Horror, Mystery, Thriller",323565,2019-03-08,Jordan Peele
tt6865690,7,2022-04-22,The Professor,https://www.imdb.com/title/tt6865690/,movie,6.7,90,2018,"Comedy, Drama",35660,2018-10-05,Wayne Roberts
tt6903284,7,2022-01-11,Nightflyers,https://www.imdb.com/title/tt6903284/,tvSeries,5.9,60,2018,"Drama, Horror, Mystery, Sci-Fi, Thriller",13976,2018-12-02,
tt6966692,7,2021-09-13,Green Book,https://www.imdb.com/title/tt6966692/,movie,8.2,130,2018,"Biography, Comedy, Drama, Music",535878,2018-09-11,Peter Farrelly
tt7014378,8,2023-08-22,Le sommet des dieux,https://www.imdb.com/title/tt7014378/,movie,7.5,95,2021,"Animation, Adventure, Drama, Mystery, Sport",7829,2021-07-10,Patrick Imbert
tt7049682,9,2022-03-05,Watchmen,https://www.imdb.com/title/tt7049682/,tvMiniSeries,8.2,527,2019,"Crime, Drama, Mystery, Sci-Fi",129249,2019-10-20,
tt7097896,3,2021-11-29,Venom: Let There Be Carnage,https://www.imdb.com/title/tt7097896/,movie,5.9,97,2021,"Action, Sci-Fi, Thriller",247526,2021-09-14,Andy Serkis
tt7126948,1,2021-09-13,Wonder Woman 1984,https://www.imdb.com/title/tt7126948/,movie,5.4,151,2020,"Action, Adventure, Fantasy",283965,2020-12-16,Patty Jenkins
tt7131622,6,2021-09-13,Once Upon a Time in... Hollywood,https://www.imdb.com/title/tt7131622/,movie,7.6,161,2019,"Comedy, Drama",801463,2019-05-21,Quentin Tarantino
tt7146812,8,2022-01-08,Onward,https://www.imdb.com/title/tt7146812/,movie,7.4,102,2020,"Animation, Action, Adventure, Comedy, Family, Fantasy, Sci-Fi",162380,2020-02-21,Dan Scanlon
tt7286456,9,2021-09-13,Joker,https://www.imdb.com/title/tt7286456/,movie,8.4,122,2019,"Crime, Drama, Thriller",1403448,2019-08-31,Todd Phillips
tt7322224,4,2023-01-13,Triangle of Sadness,https://www.imdb.com/title/tt7322224/,movie,7.3,147,2022,"Comedy, Drama",154429,2022-05-21,Ruben Östlund
tt7349662,7,2023-03-23,BlacKkKlansman,https://www.imdb.com/title/tt7349662/,movie,7.5,135,2018,"Biography, Comedy, Crime, Drama",279858,2018-05-14,Spike Lee
tt7366338,9,2021-11-18,Chernobyl,https://www.imdb.com/title/tt7366338/,tvMiniSeries,9.3,330,2019,"Drama, History, Thriller",821967,2019-05-06,
tt7400998,4,2023-06-11,001LithiumX,https://www.imdb.com/title/tt7400998/,movie,4.9,103,2020,"Drama, Sci-Fi, Thriller",1849,2020-09-25,Guy Moshe
tt7520794,3,2021-11-18,Russian Doll,https://www.imdb.com/title/tt7520794/,tvSeries,7.7,30,2019,"Comedy, Drama, Mystery",102923,2019-02-01,
tt7631058,8,2022-10-18,The Lord of the Rings: The Rings of Power,https://www.imdb.com/title/tt7631058/,tvSeries,7.0,,2022,"Action, Adventure, Drama, Fantasy",338816,2022-09-01,
tt0770828,5,2021-11-29,Man of Steel,https://www.imdb.com/title/tt0770828/,movie,7.1,143,2013,"Action, Adventure, Sci-Fi",797392,2013-06-10,Zack Snyder
tt7713068,3,2021-12-06,Birds of Prey and the Fantabulous Emancipation of One Harley Quinn,https://www.imdb.com/title/tt7713068/,movie,6.1,109,2020,"Action, Comedy, Crime",256140,2020-01-25,Cathy Yan
tt7740496,7,2022-02-18,Nightmare Alley,https://www.imdb.com/title/tt7740496/,movie,7.0,150,2021,"Crime, Drama, Thriller",157163,2021-12-01,Guillermo del Toro
tt7752126,7,2023-01-03,Brightburn,https://www.imdb.com/title/tt7752126/,movie,6.1,90,2019,"Drama, Horror, Mystery, Sci-Fi",104483,2019-05-09,David Yarovesky
tt7767422,8,2021-10-06,Sex Education,https://www.imdb.com/title/tt7767422/,tvSeries,8.3,45,2019,"Comedy, Drama",316506,2019-01-11,
tt7784604,6,2021-10-06,Hereditary,https://www.imdb.com/title/tt7784604/,movie,7.3,127,2018,"Drama, Horror, Mystery, Thriller",354321,2018-01-21,Ari Aster
tt0780516,6,2023-03-07,Flawless,https://www.imdb.com/title/tt0780516/,movie,6.7,108,2007,"Crime, Drama, Thriller",25769,2007-09-26,Michael Radford
tt0780536,8,2021-11-18,In Bruges,https://www.imdb.com/title/tt0780536/,movie,7.9,107,2008,"Comedy, Crime, Drama, Thriller",450879,2008-01-17,Martin McDonagh
tt7888964,8,2021-09-13,Nobody,https://www.imdb.com/title/tt7888964/,movie,7.4,92,2021,"Action, Crime, Drama, Thriller",304938,2021-03-18,Ilya Naishuller
tt0790724,8,2021-11-29,Jack Reacher,https://www.imdb.com/title/tt0790724/,movie,7.0,130,2012,"Action, Mystery, Thriller",355667,2012-12-10,Christopher McQuarrie
tt0790736,6,2023-09-12,R.I.P.D.,https://www.imdb.com/title/tt0790736/,movie,5.6,96,2013,"Action, Adventure, Comedy, Crime, Fantasy, Sci-Fi",140960,2013-07-17,Robert Schwentke
tt0796366,8,2021-11-29,Star Trek,https://www.imdb.com/title/tt0796366/,movie,7.9,127,2009,"Action, Adventure, Sci-Fi",614323,2009-04-06,J.J. Abrams
tt0796368,3,2023-02-02,Talk to Me,https://www.imdb.com/title/tt0796368/,movie,7.3,118,2007,"Biography, Drama, History, Music, War",10173,2007-03-12,Kasi Lemmons
tt7991608,3,2021-11-29,Red Notice,https://www.imdb.com/title/tt7991608/,movie,6.3,118,2021,"Action, Comedy, Thriller",300645,2021-11-04,Rawson Marshall Thurber
tt0800080,6,2021-11-29,The Incredible Hulk,https://www.imdb.com/title/tt0800080/,movie,6.6,112,2008,"Action, Adventure, Sci-Fi",512786,2008-06-06,Louis Leterrier
tt0800369,6,2021-11-29,Thor,https://www.imdb.com/title/tt0800369/,movie,7.0,115,2011,"Action, Fantasy",881424,2011-04-17,Kenneth Branagh
tt0803096,7,2021-11-30,Warcraft,https://www.imdb.com/title/tt0803096/,movie,6.7,123,2016,"Action, Adventure, Fantasy",273432,2016-05-24,Duncan Jones
tt0804484,6,2021-11-29,Foundation,https://www.imdb.com/title/tt0804484/,tvSeries,7.5,60,2021,"Drama, Sci-Fi",81877,2021-09-24,
tt0080684,6,2021-09-13,Star Wars: Episode V - The Empire Strikes Back,https://www.imdb.com/title/tt0080684/,movie,8.7,124,1980,"Action, Adventure, Fantasy, Sci-Fi",1342900,1980-05-17,Irvin Kershner
tt8097030,7,2022-05-09,Turning Red,https://www.imdb.com/title/tt8097030/,movie,7.0,100,2022,"Animation, Adventure, Comedy, Drama, Family, Fantasy",140953,2022-03-01,Domee Shi
tt8111088,6,2021-11-18,The Mandalorian,https://www.imdb.com/title/tt8111088/,tvSeries,8.7,40,2019,"Action, Adventure, Fantasy, Sci-Fi",560705,2019-11-12,
tt8134186,8,2021-11-18,Devs,https://www.imdb.com/title/tt8134186/,tvMiniSeries,7.7,409,2020,"Drama, Mystery, Sci-Fi, Thriller",44262,2020-03-05,
tt0816692,9,2023-03-04,Interstellar,https://www.imdb.com/title/tt0816692/,movie,8.7,169,2014,"Adventure, Drama, Sci-Fi",1991678,2014-10-26,Christopher Nolan
tt0816711,8,2021-10-06,World War Z,https://www.imdb.com/title/tt0816711/,movie,7.0,116,2013,"Action, Adventure, Horror, Sci-Fi",699211,2013-06-02,Marc Forster
tt8228288,7,2021-10-06,El hoyo,https://www.imdb.com/title/tt8228288/,movie,7.0,94,2019,"Horror, Sci-Fi, Thriller",255589,2019-09-06,Galder Gaztelu-Urrutia
tt8258074,8,2023-03-12,Fantastic Fungi,https://www.imdb.com/title/tt8258074/,movie,7.4,81,2019,Documentary,10838,2019-06-12,Louie Schwartzberg
tt8291284,4,2023-03-04,The Peripheral,https://www.imdb.com/title/tt8291284/,tvSeries,7.6,,2022,"Drama, Mystery, Sci-Fi, Thriller",74451,2022-10-21,
tt0830515,6,2021-11-29,Quantum of Solace,https://www.imdb.com/title/tt0830515/,movie,6.6,106,2008,"Action, Adventure, Mystery, Thriller",462545,2008-10-29,Marc Forster
tt8323668,6,2022-08-03,Jerry & Marge Go Large,https://www.imdb.com/title/tt8323668/,movie,6.9,96,2022,"Biography, Comedy, Drama",19938,2022-05-22,David Frankel
tt8332922,6,2021-11-18,A Quiet Place Part II,https://www.imdb.com/title/tt8332922/,movie,7.2,97,2020,"Drama, Horror, Sci-Fi, Thriller",258583,2020-03-08,John Krasinski
tt0083658,5,2021-11-18,Blade Runner,https://www.imdb.com/title/tt0083658/,movie,8.1,117,1982,"Action, Drama, Sci-Fi, Thriller",800933,1982-06-25,Ridley Scott
tt8367814,6,2021-09-13,The Gentlemen,https://www.imdb.com/title/tt8367814/,movie,7.8,113,2019,"Action, Comedy, Crime",371092,2019-12-03,Guy Ritchie
tt8368512,6,2021-10-06,The Courier,https://www.imdb.com/title/tt8368512/,movie,7.2,112,2020,"Drama, History, Mystery, Thriller, War",68705,2020-01-24,Dominic Cooke
tt8385148,4,2021-09-13,Hitman's Wife's Bodyguard,https://www.imdb.com/title/tt8385148/,movie,6.1,100,2021,"Action, Comedy, Crime, Thriller",102860,2021-06-10,Patrick Hughes
tt0848228,6,2021-11-29,The Avengers,https://www.imdb.com/title/tt0848228/,movie,8.0,143,2012,"Action, Sci-Fi",1433685,2012-04-11,Joss Whedon
tt0851578,7,2022-04-22,Paprika,https://www.imdb.com/title/tt0851578/,movie,7.7,90,2006,"Animation, Drama, Fantasy, Mystery, Sci-Fi, Thriller",91099,2006-09-02,Satoshi Kon
tt8550800,7,2022-04-11,The Outsider,https://www.imdb.com/title/tt8550800/,tvSeries,7.6,60,2020,"Crime, Drama, Horror, Mystery, Thriller",91459,2020-01-12,
tt8633464,6,2023-07-15,After Yang,https://www.imdb.com/title/tt8633464/,movie,6.7,96,2021,"Drama, Sci-Fi",20625,2021-07-08,Kogonada
tt8712204,1,2021-11-29,Batwoman,https://www.imdb.com/title/tt8712204/,tvSeries,3.6,45,2019,"Action, Adventure, Crime, Drama, Sci-Fi",45615,2019-10-06,
tt8760684,9,2023-04-10,Apollo 11,https://www.imdb.com/title/tt8760684/,movie,8.1,93,2019,"Documentary, History",26680,2019-01-24,Todd Douglas Miller
tt0877057,4,2023-08-18,Death Note: Desu nôto,https://www.imdb.com/title/tt0877057/,tvSeries,8.9,23,2006,"Animation, Crime, Drama, Fantasy, Mystery, Thriller",356893,2006-10-03,
tt8772262,10,2021-09-13,Midsommar,https://www.imdb.com/title/tt8772262/,movie,7.1,148,2019,"Drama, Horror, Mystery, Thriller",370368,2019-06-24,Ari Aster
tt0884328,7,2021-11-30,The Mist,https://www.imdb.com/title/tt0884328/,movie,7.1,126,2007,"Horror, Sci-Fi, Thriller",328653,2007-05-09,Frank Darabont
tt0088763,8,2021-09-13,Back to the Future,https://www.imdb.com/title/tt0088763/,movie,8.5,116,1985,"Adventure, Comedy, Sci-Fi",1264506,1985-07-03,Robert Zemeckis
tt8884146,7,2021-11-18,American History X: Deleted Scenes,https://www.imdb.com/title/tt8884146/,video,8.4,7,1998,"Short, Drama",23696,1998-12-31,Tony Kaye
tt8946378,8,2021-09-13,Knives Out,https://www.imdb.com/title/tt8946378/,movie,7.9,130,2019,"Comedy, Crime, Drama, Mystery, Thriller",741397,2019-09-07,Rian Johnson
tt9032400,2,2022-04-09,Eternals,https://www.imdb.com/title/tt9032400/,movie,6.3,156,2021,"Action, Adventure, Fantasy, Sci-Fi",369439,2021-10-18,Chloé Zhao
tt0903624,7,2021-11-29,The Hobbit: An Unexpected Journey,https://www.imdb.com/title/tt0903624/,movie,7.8,169,2012,"Adventure, Fantasy",853400,2012-11-28,Peter Jackson
tt0903747,9,2021-10-06,Breaking Bad,https://www.imdb.com/title/tt0903747/,tvSeries,9.5,49,2008,"Crime, Drama, Thriller",2041229,2008-01-20,
tt9071322,7,2023-01-03,Dark Waters,https://www.imdb.com/title/tt9071322/,movie,7.6,126,2019,"Biography, Drama, History, Mystery",95992,2019-11-12,Todd Haynes
tt0910970,9,2021-09-13,WALL·E,https://www.imdb.com/title/tt0910970/,movie,8.4,98,2008,"Animation, Adventure, Family, Sci-Fi",1164926,2008-06-21,Andrew Stanton
tt9114286,5,2023-02-06,Black Panther: Wakanda Forever,https://www.imdb.com/title/tt9114286/,movie,6.7,161,2022,"Action, Adventure, Drama, Sci-Fi",285962,2022-11-09,Ryan Coogler
tt9115530,7,2022-03-05,The Eyes of Tammy Faye,https://www.imdb.com/title/tt9115530/,movie,6.6,126,2021,"Biography, Drama, Romance",37360,2021-09-12,Michael Showalter
tt9140554,7,2021-09-20,Loki,https://www.imdb.com/title/tt9140554/,tvSeries,8.2,53,2021,"Action, Adventure, Fantasy, Sci-Fi",356680,2021-06-09,
tt9140560,6,2021-11-29,WandaVision,https://www.imdb.com/title/tt9140560/,tvMiniSeries,7.9,350,2021,"Action, Comedy, Drama, Fantasy, Mystery, Romance, Sci-Fi",352584,2021-01-15,
tt9170108,6,2021-11-18,Raised by Wolves,https://www.imdb.com/title/tt9170108/,tvSeries,7.5,,2020,"Drama, Fantasy, Sci-Fi, Thriller",83488,2020-09-03,
tt9198364,6,2023-01-02,Three Thousand Years of Longing,https://www.imdb.com/title/tt9198364/,movie,6.7,108,2022,"Drama, Fantasy, Romance",54154,2022-05-20,George Miller
tt9203694,6,2023-07-17,Stowaway,https://www.imdb.com/title/tt9203694/,movie,5.6,116,2021,"Adventure, Sci-Fi, Thriller",50084,2021-04-22,Joe Penna
tt9208876,4,2021-11-29,The Falcon and the Winter Soldier,https://www.imdb.com/title/tt9208876/,tvMiniSeries,7.1,300,2021,"Action, Adventure, Drama, Sci-Fi",241208,2021-03-19,
tt9243804,3,2021-11-18,The Green Knight,https://www.imdb.com/title/tt9243804/,movie,6.6,130,2021,"Adventure, Drama, Fantasy",110655,2021-07-29,David Lowery
tt9253284,7,2023-02-22,Andor,https://www.imdb.com/title/tt9253284/,tvSeries,8.4,40,2022,"Action, Adventure, Drama, Sci-Fi, Thriller",149125,2022-09-20,
tt0926084,8,2021-11-29,Harry Potter and the Deathly Hallows: Part 1,https://www.imdb.com/title/tt0926084/,movie,7.7,146,2010,"Adventure, Family, Fantasy, Mystery",578538,2010-11-11,David Yates
tt9319668,9,2022-12-11,1899,https://www.imdb.com/title/tt9319668/,tvSeries,7.3,60,2022,"Drama, Horror, Mystery, Sci-Fi",102329,2022-09-12,
tt9362722,8,2023-08-15,Spider-Man: Across the Spider-Verse,https://www.imdb.com/title/tt9362722/,movie,8.7,140,2023,"Animation, Action, Adventure, Fantasy, Sci-Fi",265373,2023-05-31,"Justin K. Thompson, Kemp Powers, Joaquim Dos Santos"
tt9376612,7,2022-01-03,Shang-Chi and the Legend of the Ten Rings,https://www.imdb.com/title/tt9376612/,movie,7.4,132,2021,"Action, Adventure, Fantasy, Sci-Fi",415618,2021-08-16,Destin Daniel Cretton
tt0938283,1,2021-11-17,The Last Airbender,https://www.imdb.com/title/tt0938283/,movie,4.0,103,2010,"Action, Adventure, Family, Fantasy",168864,2010-06-30,M. Night Shyamalan
tt9419056,3,2022-04-22,The Unholy,https://www.imdb.com/title/tt9419056/,movie,5.1,99,2021,"Drama, Horror, Mystery, Thriller",26338,2021-03-31,Evan Spiliotopoulos
tt9419884,4,2022-07-20,Doctor Strange in the Multiverse of Madness,https://www.imdb.com/title/tt9419884/,movie,6.9,126,2022,"Action, Adventure, Fantasy, Horror, Sci-Fi",453891,2022-05-02,Sam Raimi
tt0944835,5,2021-11-29,Salt,https://www.imdb.com/title/tt0944835/,movie,6.4,100,2010,"Action, Thriller",324905,2010-07-19,Phillip Noyce
tt0944947,7,2021-10-06,Game of Thrones,https://www.imdb.com/title/tt0944947/,tvSeries,9.2,57,2011,"Action, Adventure, Drama, Fantasy",2206696,2011-04-16,
tt0945513,7,2021-09-13,Source Code,https://www.imdb.com/title/tt0945513/,movie,7.5,93,2011,"Action, Drama, Mystery, Sci-Fi, Thriller",537323,2011-03-11,Duncan Jones
tt0094625,8,2021-11-29,Akira,https://www.imdb.com/title/tt0094625/,movie,8.0,124,1988,"Animation, Action, Drama, Fantasy, Sci-Fi, Thriller",197748,1988-07-16,Katsuhiro Ôtomo
tt0948470,8,2021-09-13,The Amazing Spider-Man,https://www.imdb.com/title/tt0948470/,movie,6.9,136,2012,"Action, Adventure, Sci-Fi",684292,2012-06-13,Marc Webb
tt0949731,4,2021-11-17,The Happening,https://www.imdb.com/title/tt0949731/,movie,5.0,91,2008,"Adventure, Drama, Sci-Fi, Thriller",213483,2008-06-10,M. Night Shyamalan
tt0095016,7,2021-09-13,Die Hard,https://www.imdb.com/title/tt0095016/,movie,8.2,132,1988,"Action, Thriller",913014,1988-07-12,John McTiernan
tt9561862,8,2021-11-18,"Love, Death & Robots",https://www.imdb.com/title/tt9561862/,tvSeries,8.4,15,2019,"Animation, Short, Action, Adventure, Comedy, Drama, Fantasy, Horror, Mystery, Sci-Fi, Thriller",185331,2019-03-15,
tt9620292,7,2021-09-13,Promising Young Woman,https://www.imdb.com/title/tt9620292/,movie,7.5,113,2020,"Crime, Drama, Mystery, Thriller",195946,2020-01-25,Emerald Fennell
tt0096283,8,2021-09-13,Tonari no Totoro,https://www.imdb.com/title/tt0096283/,movie,8.1,86,1988,"Animation, Comedy, Family, Fantasy",361939,1988-04-16,Hayao Miyazaki
tt0974015,5,2021-12-06,Justice League,https://www.imdb.com/title/tt0974015/,movie,6.1,120,2017,"Action, Adventure, Fantasy, Sci-Fi",469778,2017-10-26,Zack Snyder
tt9742794,4,2021-09-13,Way Down,https://www.imdb.com/title/tt9742794/,movie,6.4,118,2021,"Action, Adventure, Thriller",29006,2021-01-15,Jaume Balagueró
tt9764362,9,2023-01-12,The Menu,https://www.imdb.com/title/tt9764362/,movie,7.2,107,2022,"Comedy, Horror, Thriller",351322,2022-09-10,Mark Mylod
tt9777666,1,2021-09-13,The Tomorrow War,https://www.imdb.com/title/tt9777666/,movie,6.6,138,2021,"Action, Adventure, Drama, Sci-Fi, Thriller",219118,2021-06-30,Chris McKay
tt9783600,6,2022-07-20,Spiderhead,https://www.imdb.com/title/tt9783600/,movie,5.5,106,2022,"Action, Crime, Drama, Sci-Fi, Thriller",63835,2022-06-17,Joseph Kosinski
tt0978764,4,2021-11-18,Sucker Punch,https://www.imdb.com/title/tt0978764/,movie,6.0,110,2011,"Action, Adventure, Fantasy",248473,2011-03-21,Zack Snyder
tt0098067,6,2023-07-17,Parenthood,https://www.imdb.com/title/tt0098067/,movie,7.1,124,1989,"Comedy, Drama",53390,1989-07-31,Ron Howard
tt0988045,8,2021-11-29,Sherlock Holmes,https://www.imdb.com/title/tt0988045/,movie,7.6,128,2009,"Action, Adventure, Mystery",655859,2009-12-14,Guy Ritchie
tt0988824,6,2021-11-30,Naruto: Shippûden,https://www.imdb.com/title/tt0988824/,tvSeries,8.7,24,2007,"Animation, Action, Adventure, Comedy, Drama, Fantasy",146920,2007-02-15,
tt9893250,4,2022-01-14,I Care a Lot,https://www.imdb.com/title/tt9893250/,movie,6.4,118,2020,"Comedy, Crime, Drama, Thriller",140547,2020-09-12,J Blakeson
tt0993846,8,2021-09-13,The Wolf of Wall Street,https://www.imdb.com/title/tt0993846/,movie,8.2,180,2013,"Biography, Comedy, Crime, Drama",1509783,2013-12-09,Martin Scorsese
